-- phpMyAdmin SQL Dump
-- version 4.7.4
-- https://www.phpmyadmin.net/
--
-- Host: 127.0.0.1:3307
-- Erstellungszeit: 06. Mrz 2020 um 19:14
-- Server-Version: 10.1.30-MariaDB
-- PHP-Version: 7.2.1

SET SQL_MODE = "NO_AUTO_VALUE_ON_ZERO";
SET AUTOCOMMIT = 0;
START TRANSACTION;
SET time_zone = "+00:00";


/*!40101 SET @OLD_CHARACTER_SET_CLIENT=@@CHARACTER_SET_CLIENT */;
/*!40101 SET @OLD_CHARACTER_SET_RESULTS=@@CHARACTER_SET_RESULTS */;
/*!40101 SET @OLD_COLLATION_CONNECTION=@@COLLATION_CONNECTION */;
/*!40101 SET NAMES utf8mb4 */;

--
-- Datenbank: `dipltml`
--

-- --------------------------------------------------------

--
-- Tabellenstruktur für Tabelle `answers`
--

CREATE TABLE `answers` (
  `ID` int(11) NOT NULL,
  `TaskNr` int(11) NOT NULL,
  `Corr1` int(11) NOT NULL DEFAULT '0',
  `Corr2` int(11) NOT NULL DEFAULT '0',
  `Corr3` int(11) NOT NULL DEFAULT '0',
  `Corr4` int(11) NOT NULL DEFAULT '0',
  `Corr5` int(11) NOT NULL DEFAULT '0',
  `Corr6` int(11) NOT NULL DEFAULT '0',
  `Var1` int(11) NOT NULL DEFAULT '0',
  `Var2` int(11) NOT NULL DEFAULT '0',
  `Var3` int(11) NOT NULL DEFAULT '0',
  `Var4` int(11) NOT NULL DEFAULT '0',
  `DefStreet` varchar(80) DEFAULT NULL,
  `CTST` timestamp NOT NULL DEFAULT CURRENT_TIMESTAMP
) ENGINE=InnoDB DEFAULT CHARSET=latin1;

--
-- Daten für Tabelle `answers`
--

INSERT INTO `answers` (`ID`, `TaskNr`, `Corr1`, `Corr2`, `Corr3`, `Corr4`, `Corr5`, `Corr6`, `Var1`, `Var2`, `Var3`, `Var4`, `DefStreet`, `CTST`) VALUES
(7, -1, 1, 1, 0, 0, 1, 0, 0, 0, 0, 0, NULL, '2020-01-21 17:51:51'),
(8, -2, 0, 0, 0, 0, 0, 0, 0, 0, 0, 0, 'R,R,L', '2020-01-21 17:52:12'),
(9, -3, 0, 0, 0, 0, 0, 0, 0, 0, 0, 1, NULL, '2020-01-21 17:52:28'),
(10, 1, 1, 1, 0, 1, 0, 0, 0, 0, 0, 0, NULL, '2020-01-21 17:52:45'),
(11, 2, 0, 1, 1, 0, 0, 1, 0, 0, 0, 0, NULL, '2020-01-21 17:53:05'),
(12, 3, 0, 1, 1, 0, 0, 1, 0, 0, 0, 0, NULL, '2020-01-21 17:53:34'),
(13, 4, 0, 0, 0, 1, 1, 1, 0, 0, 0, 0, NULL, '2020-01-21 17:54:10'),
(14, 5, 1, 0, 0, 1, 1, 0, 0, 0, 0, 0, NULL, '2020-01-21 17:54:23'),
(15, 6, 1, 0, 1, 1, 0, 0, 0, 0, 0, 0, NULL, '2020-01-21 17:54:38'),
(16, 7, 0, 0, 0, 0, 0, 0, 0, 0, 0, 0, 'R,L,L,R,L,R', '2020-01-21 17:56:01'),
(17, 8, 0, 0, 0, 0, 0, 0, 0, 0, 0, 0, 'L,R,L', '2020-01-21 17:56:12'),
(18, 9, 0, 0, 0, 0, 0, 0, 0, 0, 0, 0, 'L,R,L', '2020-01-21 17:56:25'),
(19, 10, 0, 0, 0, 0, 0, 0, 0, 0, 0, 0, 'L,R,L,R', '2020-01-21 17:56:38'),
(20, 11, 0, 0, 0, 0, 0, 0, 0, 0, 0, 0, 'L,R,L,R,L,R', '2020-01-21 17:56:50'),
(21, 12, 0, 0, 0, 0, 0, 0, 0, 0, 0, 0, 'L,L,R,L,R,R,L', '2020-01-21 17:57:07'),
(22, 13, 0, 0, 0, 0, 0, 0, 1, 0, 0, 0, NULL, '2020-01-21 17:57:22'),
(23, 14, 0, 0, 0, 0, 0, 0, 1, 0, 0, 0, NULL, '2020-01-21 17:57:33'),
(24, 15, 0, 0, 0, 0, 0, 0, 0, 0, 1, 0, NULL, '2020-01-21 17:57:43'),
(25, 16, 0, 0, 0, 0, 0, 0, 0, 0, 0, 1, NULL, '2020-01-21 17:57:54'),
(26, 17, 0, 0, 0, 0, 0, 0, 0, 0, 0, 1, NULL, '2020-01-21 17:58:04'),
(27, 18, 0, 0, 0, 0, 0, 0, 0, 0, 1, 0, NULL, '2020-01-21 17:58:15');

-- --------------------------------------------------------

--
-- Tabellenstruktur für Tabelle `correctanswers`
--

CREATE TABLE `correctanswers` (
  `ID` int(11) NOT NULL,
  `PersonID` int(11) NOT NULL,
  `TaskNr` int(11) NOT NULL,
  `CTST` timestamp NOT NULL DEFAULT CURRENT_TIMESTAMP
) ENGINE=InnoDB DEFAULT CHARSET=latin1;

--
-- Daten für Tabelle `correctanswers`
--

INSERT INTO `correctanswers` (`ID`, `PersonID`, `TaskNr`, `CTST`) VALUES
(32, 38, -1, '2020-01-29 16:13:22'),
(33, 38, -2, '2020-01-29 16:15:41'),
(34, 38, -3, '2020-01-29 16:16:50'),
(35, 38, 1, '2020-01-29 16:17:48'),
(36, 38, 2, '2020-01-29 16:18:38'),
(37, 38, 3, '2020-01-29 16:19:35'),
(38, 38, 4, '2020-01-29 16:20:25'),
(39, 38, 5, '2020-01-29 16:21:13'),
(40, 38, 8, '2020-01-29 16:23:58'),
(41, 38, 9, '2020-01-29 16:24:48'),
(42, 39, -1, '2020-01-29 16:25:10'),
(43, 38, 10, '2020-01-29 16:25:44'),
(44, 38, 11, '2020-01-29 16:26:28'),
(45, 39, -2, '2020-01-29 16:26:41'),
(46, 39, -3, '2020-01-29 16:27:51'),
(47, 38, 14, '2020-01-29 16:29:22'),
(48, 38, 15, '2020-01-29 16:30:16'),
(49, 38, 16, '2020-01-29 16:31:15'),
(50, 39, 4, '2020-01-29 16:31:41'),
(51, 38, 17, '2020-01-29 16:32:12'),
(52, 39, 5, '2020-01-29 16:32:31'),
(53, 38, 18, '2020-01-29 16:33:02'),
(54, 39, 8, '2020-01-29 16:35:05'),
(55, 39, 9, '2020-01-29 16:35:48'),
(56, 39, 10, '2020-01-29 16:36:33'),
(57, 39, 11, '2020-01-29 16:37:14'),
(58, 39, 13, '2020-01-29 16:40:00'),
(59, 39, 14, '2020-01-29 16:40:52'),
(60, 39, 15, '2020-01-29 16:41:47'),
(61, 39, 16, '2020-01-29 16:42:38'),
(62, 39, 17, '2020-01-29 16:43:29'),
(63, 39, 18, '2020-01-29 16:44:21'),
(64, 40, -2, '2020-01-29 18:00:00'),
(65, 40, -3, '2020-01-29 18:01:19'),
(66, 40, 1, '2020-01-29 18:02:33'),
(67, 41, -1, '2020-01-29 18:03:30'),
(68, 41, -2, '2020-01-29 18:05:39'),
(69, 42, -1, '2020-01-29 18:06:10'),
(70, 41, -3, '2020-01-29 18:06:53'),
(71, 40, 6, '2020-01-29 18:07:25'),
(72, 40, 7, '2020-01-29 18:08:30'),
(73, 42, -2, '2020-01-29 18:08:38'),
(74, 42, -3, '2020-01-29 18:09:52'),
(75, 40, 10, '2020-01-29 18:10:58'),
(76, 42, 1, '2020-01-29 18:11:04'),
(77, 40, 11, '2020-01-29 18:11:43'),
(78, 42, 2, '2020-01-29 18:11:55'),
(79, 41, 5, '2020-01-29 18:12:15'),
(80, 40, 13, '2020-01-29 18:13:29'),
(81, 42, 4, '2020-01-29 18:13:47'),
(82, 40, 14, '2020-01-29 18:14:24'),
(83, 42, 5, '2020-01-29 18:14:37'),
(84, 40, 15, '2020-01-29 18:15:16'),
(85, 41, 8, '2020-01-29 18:15:52'),
(86, 40, 16, '2020-01-29 18:16:07'),
(87, 42, 7, '2020-01-29 18:16:25'),
(88, 41, 9, '2020-01-29 18:16:36'),
(89, 40, 17, '2020-01-29 18:16:59'),
(90, 42, 8, '2020-01-29 18:17:09'),
(91, 41, 10, '2020-01-29 18:17:24'),
(92, 40, 18, '2020-01-29 18:17:49'),
(93, 42, 9, '2020-01-29 18:17:50'),
(94, 41, 11, '2020-01-29 18:18:13'),
(95, 42, 10, '2020-01-29 18:18:35'),
(96, 41, 13, '2020-01-29 18:20:18'),
(97, 41, 14, '2020-01-29 18:21:38'),
(98, 41, 15, '2020-01-29 18:22:26'),
(99, 42, 15, '2020-01-29 18:22:58'),
(100, 41, 16, '2020-01-29 18:23:49'),
(101, 42, 16, '2020-01-29 18:23:52'),
(102, 41, 17, '2020-01-29 18:24:38'),
(103, 42, 17, '2020-01-29 18:24:45'),
(104, 41, 18, '2020-01-29 18:25:30'),
(105, 42, 18, '2020-01-29 18:25:40'),
(106, 43, -1, '2020-01-30 16:05:24'),
(107, 43, -3, '2020-01-30 16:07:58'),
(108, 44, -2, '2020-01-30 16:08:54'),
(109, 43, 1, '2020-01-30 16:08:59'),
(110, 43, 2, '2020-01-30 16:09:51'),
(111, 44, -3, '2020-01-30 16:10:08'),
(112, 43, 5, '2020-01-30 16:12:29'),
(113, 43, 6, '2020-01-30 16:13:21'),
(114, 43, 8, '2020-01-30 16:15:34'),
(115, 43, 9, '2020-01-30 16:16:16'),
(116, 44, 6, '2020-01-30 16:16:17'),
(117, 43, 10, '2020-01-30 16:17:03'),
(118, 44, 7, '2020-01-30 16:17:34'),
(119, 43, 11, '2020-01-30 16:17:42'),
(120, 43, 12, '2020-01-30 16:18:28'),
(121, 44, 8, '2020-01-30 16:18:30'),
(122, 44, 9, '2020-01-30 16:19:12'),
(123, 43, 13, '2020-01-30 16:19:55'),
(124, 44, 10, '2020-01-30 16:19:58'),
(125, 44, 11, '2020-01-30 16:20:38'),
(126, 43, 14, '2020-01-30 16:20:48'),
(127, 43, 16, '2020-01-30 16:22:33'),
(128, 44, 13, '2020-01-30 16:22:35'),
(129, 43, 17, '2020-01-30 16:23:26'),
(130, 43, 18, '2020-01-30 16:24:14'),
(131, 44, 15, '2020-01-30 16:24:30'),
(132, 44, 16, '2020-01-30 16:25:20'),
(133, 44, 17, '2020-01-30 16:26:13'),
(134, 45, -2, '2020-01-30 16:32:56'),
(135, 45, -3, '2020-01-30 16:34:27'),
(136, 45, 1, '2020-01-30 16:35:30'),
(137, 46, -3, '2020-01-30 16:36:47'),
(138, 46, 1, '2020-01-30 16:37:52'),
(139, 45, 4, '2020-01-30 16:38:09'),
(140, 46, 2, '2020-01-30 16:38:46'),
(141, 45, 5, '2020-01-30 16:39:01'),
(142, 45, 6, '2020-01-30 16:39:48'),
(143, 46, 4, '2020-01-30 16:40:25'),
(144, 46, 5, '2020-01-30 16:41:13'),
(145, 45, 7, '2020-01-30 16:41:21'),
(146, 46, 6, '2020-01-30 16:42:04'),
(147, 45, 8, '2020-01-30 16:42:06'),
(148, 45, 9, '2020-01-30 16:42:48'),
(149, 45, 10, '2020-01-30 16:43:34'),
(150, 46, 8, '2020-01-30 16:43:58'),
(151, 45, 11, '2020-01-30 16:44:15'),
(152, 46, 9, '2020-01-30 16:44:38'),
(153, 46, 10, '2020-01-30 16:45:31'),
(154, 46, 11, '2020-01-30 16:46:12'),
(155, 45, 13, '2020-01-30 16:46:20'),
(156, 46, 12, '2020-01-30 16:46:57'),
(157, 46, 13, '2020-01-30 16:48:07'),
(158, 45, 15, '2020-01-30 16:48:21'),
(159, 46, 14, '2020-01-30 16:48:55'),
(160, 45, 16, '2020-01-30 16:49:15'),
(161, 46, 15, '2020-01-30 16:49:43'),
(162, 45, 17, '2020-01-30 16:50:15'),
(163, 46, 16, '2020-01-30 16:50:35'),
(164, 45, 18, '2020-01-30 16:51:06'),
(165, 46, 17, '2020-01-30 16:51:27'),
(166, 46, 18, '2020-01-30 16:52:20'),
(167, 47, -1, '2020-01-30 18:22:43'),
(168, 47, -2, '2020-01-30 18:24:16'),
(169, 47, -3, '2020-01-30 18:25:45'),
(170, 47, 2, '2020-01-30 18:28:42'),
(171, 47, 4, '2020-01-30 18:31:02'),
(172, 47, 6, '2020-01-30 18:33:21'),
(173, 47, 8, '2020-01-30 18:35:18'),
(174, 47, 9, '2020-01-30 18:36:00'),
(175, 47, 11, '2020-01-30 18:37:31'),
(176, 47, 12, '2020-01-30 18:38:21'),
(177, 47, 14, '2020-01-30 18:40:35'),
(178, 47, 15, '2020-01-30 18:41:44'),
(179, 47, 16, '2020-01-30 18:42:35'),
(180, 47, 17, '2020-01-30 18:44:27'),
(181, 47, 18, '2020-01-30 18:45:31'),
(182, 48, -1, '2020-01-30 18:50:54'),
(183, 48, -2, '2020-01-30 18:53:01'),
(184, 48, -3, '2020-01-30 18:53:59'),
(185, 48, 3, '2020-01-30 18:56:37'),
(186, 48, 5, '2020-01-30 18:58:28'),
(187, 48, 6, '2020-01-30 18:59:17'),
(188, 48, 8, '2020-01-30 19:01:04'),
(189, 48, 9, '2020-01-30 19:01:45'),
(190, 48, 11, '2020-01-30 19:03:12'),
(191, 48, 12, '2020-01-30 19:03:56'),
(192, 48, 13, '2020-01-30 19:04:48'),
(193, 48, 14, '2020-01-30 19:05:36'),
(194, 48, 15, '2020-01-30 19:06:29'),
(195, 48, 16, '2020-01-30 19:07:16'),
(196, 48, 17, '2020-01-30 19:08:00'),
(197, 48, 18, '2020-01-30 19:08:53'),
(201, 49, -1, '2020-02-05 21:48:26'),
(202, 49, -2, '2020-02-05 21:52:50'),
(203, 49, -3, '2020-02-05 21:56:23'),
(204, 49, 1, '2020-02-05 21:59:11'),
(205, 49, 2, '2020-02-05 22:00:22'),
(206, 49, 3, '2020-02-05 22:01:31'),
(207, 49, 5, '2020-02-05 22:03:31'),
(209, 49, 6, '2020-02-05 22:04:33'),
(210, 49, 7, '2020-02-05 22:06:25'),
(211, 49, 8, '2020-02-05 22:07:17'),
(212, 49, 9, '2020-02-05 22:07:59'),
(213, 49, 11, '2020-02-05 22:11:10'),
(214, 49, 13, '2020-02-05 22:13:58'),
(215, 49, 15, '2020-02-05 22:17:16'),
(216, 49, 16, '2020-02-05 22:18:07'),
(217, 49, 17, '2020-02-05 22:21:25'),
(218, 49, 18, '2020-02-05 22:22:32'),
(219, 51, -2, '2020-02-06 11:48:59'),
(220, 51, -3, '2020-02-06 12:29:52'),
(221, 51, 3, '2020-02-06 12:55:52'),
(222, 51, 4, '2020-02-06 12:57:15'),
(223, 51, 5, '2020-02-06 12:58:39'),
(224, 51, 6, '2020-02-06 13:04:09'),
(225, 51, 8, '2020-02-06 13:09:38'),
(226, 51, 9, '2020-02-06 13:10:29'),
(227, 51, 11, '2020-02-06 13:12:28'),
(228, 51, 12, '2020-02-06 13:13:24'),
(229, 51, 13, '2020-02-06 15:26:34'),
(230, 51, 15, '2020-02-06 15:28:45'),
(231, 51, 16, '2020-02-06 15:29:46'),
(232, 51, 17, '2020-02-06 15:30:44'),
(233, 51, 18, '2020-02-06 15:31:39'),
(234, 52, -2, '2020-02-07 12:35:07'),
(235, 52, -3, '2020-02-07 12:36:18'),
(236, 52, 1, '2020-02-07 12:37:52'),
(237, 52, 2, '2020-02-07 12:42:27'),
(238, 52, 9, '2020-02-07 13:05:38'),
(239, 52, 17, '2020-02-07 13:14:05'),
(240, 52, 18, '2020-02-07 13:14:58'),
(241, 53, -1, '2020-02-08 14:14:41'),
(242, 53, -2, '2020-02-08 14:15:58'),
(243, 53, -3, '2020-02-08 14:17:11'),
(244, 53, 1, '2020-02-08 14:18:24'),
(245, 53, 2, '2020-02-08 14:19:21'),
(246, 53, 3, '2020-02-08 14:20:22'),
(247, 53, 7, '2020-02-08 14:24:12'),
(248, 53, 8, '2020-02-08 14:25:25'),
(249, 53, 10, '2020-02-08 14:27:09'),
(250, 53, 14, '2020-02-08 14:30:44'),
(251, 53, 15, '2020-02-08 14:31:43'),
(252, 53, 16, '2020-02-08 14:32:38'),
(253, 55, -1, '2020-02-10 13:51:47'),
(254, 55, -3, '2020-02-10 13:55:16'),
(255, 55, 1, '2020-02-10 13:56:24'),
(256, 55, 2, '2020-02-10 13:57:20'),
(257, 55, 3, '2020-02-10 13:58:17'),
(259, 55, 4, '2020-02-10 13:59:18'),
(260, 55, 5, '2020-02-10 14:00:07'),
(261, 55, 6, '2020-02-10 14:00:58'),
(262, 55, 7, '2020-02-10 14:02:00'),
(263, 55, 8, '2020-02-10 14:02:42'),
(264, 55, 9, '2020-02-10 14:03:24'),
(265, 55, 10, '2020-02-10 14:04:10'),
(266, 55, 11, '2020-02-10 14:04:54'),
(267, 55, 12, '2020-02-10 14:05:58'),
(268, 55, 15, '2020-02-10 14:08:40'),
(269, 55, 16, '2020-02-10 14:09:31'),
(270, 55, 17, '2020-02-10 14:10:29'),
(271, 55, 18, '2020-02-10 14:11:22'),
(272, 56, -1, '2020-02-10 14:36:39'),
(273, 56, -2, '2020-02-10 14:37:51'),
(274, 56, -3, '2020-02-10 14:38:47'),
(275, 56, 5, '2020-02-10 14:43:51'),
(276, 56, 7, '2020-02-10 14:50:30'),
(277, 56, 8, '2020-02-10 14:51:23'),
(278, 56, 9, '2020-02-10 14:52:05'),
(279, 56, 11, '2020-02-10 14:53:33'),
(280, 56, 13, '2020-02-10 14:55:14'),
(281, 56, 14, '2020-02-10 14:56:04'),
(282, 56, 16, '2020-02-10 14:57:50'),
(283, 56, 17, '2020-02-10 14:58:41'),
(284, 56, 18, '2020-02-10 14:59:31'),
(285, 59, -2, '2020-02-10 17:08:39'),
(286, 59, -3, '2020-02-10 17:09:53'),
(287, 59, 3, '2020-02-10 17:13:03'),
(288, 59, 5, '2020-02-10 17:15:08'),
(289, 59, 7, '2020-02-10 17:17:20'),
(290, 59, 13, '2020-02-10 17:23:00'),
(291, 59, 14, '2020-02-10 17:23:48'),
(292, 59, 15, '2020-02-10 17:24:40'),
(293, 59, 16, '2020-02-10 17:25:49'),
(294, 59, 17, '2020-02-10 17:26:45'),
(295, 59, 18, '2020-02-10 17:27:43'),
(298, 64, -1, '2020-02-14 08:36:17'),
(299, 65, -1, '2020-02-14 08:36:18'),
(300, 65, -2, '2020-02-14 08:37:54'),
(301, 65, -3, '2020-02-14 08:39:10'),
(302, 64, -3, '2020-02-14 08:39:49'),
(303, 65, 1, '2020-02-14 08:40:27'),
(304, 64, 1, '2020-02-14 08:40:49'),
(305, 65, 2, '2020-02-14 08:41:34'),
(306, 64, 2, '2020-02-14 08:41:52'),
(307, 66, -1, '2020-02-14 08:43:39'),
(308, 64, 4, '2020-02-14 08:44:17'),
(309, 65, 5, '2020-02-14 08:44:30'),
(310, 64, 5, '2020-02-14 08:45:14'),
(311, 65, 6, '2020-02-14 08:45:21'),
(312, 66, -2, '2020-02-14 08:45:58'),
(313, 64, 6, '2020-02-14 08:46:12'),
(314, 66, -3, '2020-02-14 08:47:04'),
(315, 65, 7, '2020-02-14 08:47:24'),
(316, 65, 8, '2020-02-14 08:48:14'),
(317, 64, 8, '2020-02-14 08:48:18'),
(318, 65, 9, '2020-02-14 08:49:01'),
(319, 64, 9, '2020-02-14 08:49:01'),
(320, 65, 10, '2020-02-14 08:49:53'),
(321, 64, 10, '2020-02-14 08:49:53'),
(322, 66, 3, '2020-02-14 08:50:07'),
(323, 64, 11, '2020-02-14 08:50:36'),
(324, 64, 12, '2020-02-14 08:51:31'),
(325, 64, 13, '2020-02-14 08:53:00'),
(326, 64, 14, '2020-02-14 08:53:55'),
(327, 66, 8, '2020-02-14 08:54:41'),
(328, 64, 15, '2020-02-14 08:54:46'),
(329, 66, 9, '2020-02-14 08:55:27'),
(330, 65, 14, '2020-02-14 08:55:28'),
(331, 66, 10, '2020-02-14 08:56:15'),
(332, 65, 15, '2020-02-14 08:56:23'),
(333, 65, 16, '2020-02-14 08:57:15'),
(334, 64, 18, '2020-02-14 08:58:26'),
(335, 66, 13, '2020-02-14 09:00:11'),
(336, 65, 18, '2020-02-14 09:00:30'),
(337, 66, 16, '2020-02-14 09:03:02'),
(338, 66, 18, '2020-02-14 09:06:21'),
(339, 68, -1, '2020-02-14 19:14:56'),
(340, 68, -2, '2020-02-14 19:17:23'),
(341, 68, -3, '2020-02-14 19:18:39'),
(342, 68, 1, '2020-02-14 19:19:40'),
(343, 68, 2, '2020-02-14 19:20:44'),
(344, 68, 7, '2020-02-14 19:26:01'),
(345, 68, 8, '2020-02-14 19:26:45'),
(346, 68, 10, '2020-02-14 19:28:14'),
(347, 68, 11, '2020-02-14 19:28:56'),
(348, 68, 12, '2020-02-14 19:29:49'),
(349, 68, 13, '2020-02-14 19:30:45'),
(350, 68, 14, '2020-02-14 19:31:35'),
(351, 68, 15, '2020-02-14 19:32:28'),
(352, 68, 16, '2020-02-14 19:33:20'),
(353, 68, 17, '2020-02-14 19:34:10'),
(354, 68, 18, '2020-02-14 19:35:03');

-- --------------------------------------------------------

--
-- Tabellenstruktur für Tabelle `person`
--

CREATE TABLE `person` (
  `personid` int(11) NOT NULL,
  `age` tinyint(4) NOT NULL,
  `gender` tinyint(4) DEFAULT NULL,
  `videofreq` tinyint(4) DEFAULT NULL,
  `naviusage` tinyint(4) DEFAULT NULL,
  `navifreq` tinyint(4) DEFAULT NULL,
  `navitype` tinyint(4) DEFAULT NULL,
  `feedback` varchar(255) DEFAULT NULL,
  `unqid` varchar(30) DEFAULT NULL,
  `Labor` tinyint(4) NOT NULL DEFAULT '1',
  `CTST` timestamp NOT NULL DEFAULT CURRENT_TIMESTAMP
) ENGINE=InnoDB DEFAULT CHARSET=latin1;

--
-- Daten für Tabelle `person`
--

INSERT INTO `person` (`personid`, `age`, `gender`, `videofreq`, `naviusage`, `navifreq`, `navitype`, `feedback`, `unqid`, `Labor`, `CTST`) VALUES
(38, 21, 2, 2, 1, 3, 1, 'Plötzlich erscheinende oder verschwindende Namen neben der Strecke waren teils verwirrend', '5e31aec864712', 1, '2020-01-29 16:11:52'),
(39, 21, 2, 1, 1, 3, 1, 'Orts/Strassennamen tauchen auf/verschwinden seltsam, \"Navi\" hat ein sehr großes Sichtbarkeitsfenster - Überflutung mit Namen, man muss sich sehr stark konzentrieren um die Aufgaben zu lösen', '5e31b18bcf8e2', 1, '2020-01-29 16:23:39'),
(40, 20, 2, 3, 1, 2, 1, 'Es war am einfachsten die Reihnfolge, weil ich mich auf eine Sache fokussieren konnte. Beim anderen war ich so wild darauf alles mir zu merken, dass ich mir am Ende im Schnitt weniger gemerkt habe', '5e31c77d3d518', 1, '2020-01-29 17:57:17'),
(41, 21, 2, 3, 1, 3, 3, NULL, '5e31c89932bb7', 1, '2020-01-29 18:02:01'),
(42, 21, 1, 3, 1, 2, 1, 'Nettes User Interface :-)', '5e31c8f56f722', 1, '2020-01-29 18:03:33'),
(43, 21, 2, 1, 1, 3, 1, 'Das dauernte Erscheinen und Ausblenden von Ortsnamen irritierte etwas. Ansonsten war es sehr interessant zu sehen, woran man sich erinnert und woran nicht.', '5e32fe2cee58d', 1, '2020-01-30 16:02:52'),
(44, 20, 2, 1, 1, 2, 1, NULL, '5e32feb0bf607', 1, '2020-01-30 16:05:04'),
(45, 20, 1, 4, 1, 2, 3, NULL, '5e330481b9623', 1, '2020-01-30 16:29:53'),
(46, 20, 1, 4, 1, 2, 1, NULL, '5e33048a2dcee', 1, '2020-01-30 16:30:02'),
(47, 21, 1, 3, 1, 1, 1, NULL, '5e331deca92e7', 1, '2020-01-30 18:18:20'),
(48, 20, 1, 3, 1, 1, 1, NULL, '5e332548ebd42', 1, '2020-01-30 18:49:44'),
(49, 20, 2, 2, 1, 3, 1, 'Die Lust an den Tests vergeht nach einer Weile. :)\nDie Drehungen der Kamera wirken etwas stark.\nDie Zoom-Geschwindigkeit war relativ angenehm.\nDas plötzliche Auftauchen von Namen im Nachhinein war ein wenig verwirrend.\n(Wie hab ich nur 4/6 Strecken?)', '5e3b379149eaf', 0, '2020-02-05 21:45:53'),
(50, 20, 1, 4, 1, 3, 1, NULL, '5e3b380f69836', 0, '2020-02-05 21:47:59'),
(51, 20, 2, 4, 1, 2, 1, NULL, '5e3bfa0b216d8', 0, '2020-02-06 11:35:39'),
(52, 20, 1, 4, 1, 2, 1, 'Sehr überrascht, dass ich beim Strecken merken so schlecht war, gefühlt war ich mir dort am sichersten.', '5e3d5857ef945', 0, '2020-02-07 12:30:15'),
(53, 21, 1, 4, 1, 3, 2, NULL, '5e3ec1ca7a445', 0, '2020-02-08 14:12:26'),
(54, 21, 2, 2, 1, 2, 1, NULL, '5e415ef5f413a', 0, '2020-02-10 13:47:33'),
(55, 21, 2, 2, 1, 2, 1, 'Ich habe 7/6 Namen auf der Strecke richtig erkannt. Ich bin mir nicht sicher ob das so korrekt ist.', '5e415fc16d4b0', 0, '2020-02-10 13:50:57'),
(56, 21, 2, 1, 1, 3, 1, NULL, '5e416a3632e7e', 0, '2020-02-10 14:35:34'),
(59, 20, 2, 2, 1, 3, 3, NULL, '5e418d6c43cbe', 0, '2020-02-10 17:05:48'),
(60, 20, 1, 1, 1, 2, 1, NULL, '5e4196f3515f1', 0, '2020-02-10 17:46:27'),
(64, 20, 1, 4, 1, 2, 1, NULL, '5e465b406ef77', 0, '2020-02-14 08:33:04'),
(65, 21, 2, 3, 1, 2, 1, NULL, '5e465b4760095', 0, '2020-02-14 08:33:11'),
(66, 22, 2, 4, 1, 3, 1, NULL, '5e465d1e025a8', 0, '2020-02-14 08:41:02'),
(67, 22, 2, 3, 2, 4, 1, NULL, '5e4663937e032', 0, '2020-02-14 09:08:35'),
(68, 22, 2, 2, 1, 3, 1, NULL, '5e46f15797461', 0, '2020-02-14 19:13:27');

-- --------------------------------------------------------

--
-- Tabellenstruktur für Tabelle `task1value`
--

CREATE TABLE `task1value` (
  `ID` int(11) NOT NULL,
  `TaskNr` int(11) NOT NULL,
  `Val1` varchar(15) NOT NULL,
  `Val2` varchar(15) NOT NULL,
  `Val3` varchar(15) NOT NULL,
  `Val4` varchar(15) NOT NULL,
  `Val5` varchar(15) NOT NULL,
  `Val6` varchar(15) NOT NULL
) ENGINE=InnoDB DEFAULT CHARSET=latin1;

--
-- Daten für Tabelle `task1value`
--

INSERT INTO `task1value` (`ID`, `TaskNr`, `Val1`, `Val2`, `Val3`, `Val4`, `Val5`, `Val6`) VALUES
(7, -1, 'Hart', 'Gurina', 'Bach', 'Rauth', 'Mellweg', 'Müllnern'),
(8, 1, 'Liebscher', 'Claus', 'Drees', 'Seidl', 'Link', 'Schild'),
(9, 2, 'Butz', 'Althaus', 'Mende', 'Eickhoff', 'Lerch', 'Wiesner'),
(10, 3, 'Hanhe', 'Olbrich', 'Zeh', 'Neuber', 'Seibold', 'Schimmel'),
(11, 4, 'Stocker', 'Dorsch', 'Götze', 'Pott', 'Freitag', 'Witt'),
(12, 5, 'Mader', 'Molitor', 'Henne', 'Klug', 'Schreyer', 'Stelzer'),
(13, 6, 'Kaul', 'Oster', 'Meiners', 'Gerstner', 'Strunk', 'Staiger');

-- --------------------------------------------------------

--
-- Tabellenstruktur für Tabelle `task3value`
--

CREATE TABLE `task3value` (
  `ID` int(11) NOT NULL,
  `TaskNr` int(11) NOT NULL,
  `Var` int(11) NOT NULL,
  `Val1` varchar(15) NOT NULL,
  `Val2` varchar(15) NOT NULL,
  `Val3` varchar(15) NOT NULL
) ENGINE=InnoDB DEFAULT CHARSET=latin1;

--
-- Daten für Tabelle `task3value`
--

INSERT INTO `task3value` (`ID`, `TaskNr`, `Var`, `Val1`, `Val2`, `Val3`) VALUES
(25, -3, 1, 'Wiesmühl', 'Eisenberg', 'Gabriel'),
(26, -3, 2, 'Teichl', 'Prailing', 'Eisenberg'),
(27, -3, 3, 'Wiesmühl', 'Eisenberg', 'Raufen'),
(28, -3, 4, 'Wiesmühl', 'Gabriel', 'Raufen'),
(29, 13, 1, 'Heymann', 'Struck', 'Heidrich'),
(30, 13, 2, 'Sachse', 'Kretschmer', 'Heidrich'),
(31, 13, 3, 'Schenk', 'Wünsch', 'Blum'),
(32, 13, 4, 'Bosch', 'Blum', 'Brück'),
(33, 14, 1, 'Zenker', 'Vogl', 'Althaus'),
(34, 14, 2, 'Knebel', 'Wallner', 'Zech'),
(35, 14, 3, 'Feige', 'Celik', 'Weise'),
(36, 14, 4, 'Zenker', 'Bremer', 'Evers'),
(37, 15, 1, 'Traub', 'Ramm', 'Kegel'),
(38, 15, 2, 'Nehring', 'Domke', 'Wortmann'),
(39, 15, 3, 'Traub', 'Brenner', 'Kegel'),
(40, 15, 4, 'Heindl', 'Melcher', 'Jakobi'),
(41, 16, 1, 'Bartel', 'Jobst', 'Dorsch'),
(42, 16, 2, 'Meisel', 'Decker', 'Möbius'),
(43, 16, 3, 'Götze', 'Kunze', 'Witt'),
(44, 16, 4, 'Bartel', 'Witt', 'Möbius'),
(45, 17, 1, 'Karg', 'Schäfers', 'Gerken'),
(46, 17, 2, 'Borrmann', 'Rahn', 'Klug'),
(47, 17, 3, 'Raabe', 'Baron', 'Braune'),
(48, 17, 4, 'Borrmann', 'Schäfers', 'Böhmer'),
(49, 18, 1, 'Ihle', 'Bell', 'Mönch'),
(50, 18, 2, 'Jobst', 'Rickert', 'Ertel'),
(51, 18, 3, 'Hepp', 'Kaul', 'Ertel'),
(52, 18, 4, 'Hepp', 'Kück', 'Ertel');

-- --------------------------------------------------------

--
-- Tabellenstruktur für Tabelle `tasks`
--

CREATE TABLE `tasks` (
  `ID` int(11) NOT NULL,
  `TaskNr` int(11) NOT NULL,
  `Corr1` int(11) NOT NULL DEFAULT '0',
  `Corr2` int(11) NOT NULL DEFAULT '0',
  `Corr3` int(11) NOT NULL DEFAULT '0',
  `Corr4` int(11) NOT NULL DEFAULT '0',
  `Corr5` int(11) NOT NULL DEFAULT '0',
  `Corr6` int(11) NOT NULL DEFAULT '0',
  `Var1` int(11) NOT NULL DEFAULT '0',
  `Var2` int(11) NOT NULL DEFAULT '0',
  `Var3` int(11) NOT NULL DEFAULT '0',
  `Var4` int(11) NOT NULL DEFAULT '0',
  `DefStreet` varchar(80) DEFAULT NULL,
  `CTST` timestamp NOT NULL DEFAULT CURRENT_TIMESTAMP,
  `PersonID` int(11) NOT NULL
) ENGINE=InnoDB DEFAULT CHARSET=latin1;

--
-- Daten für Tabelle `tasks`
--

INSERT INTO `tasks` (`ID`, `TaskNr`, `Corr1`, `Corr2`, `Corr3`, `Corr4`, `Corr5`, `Corr6`, `Var1`, `Var2`, `Var3`, `Var4`, `DefStreet`, `CTST`, `PersonID`) VALUES
(202, -1, 1, 1, 0, 0, 1, 0, 0, 0, 0, 0, NULL, '2020-01-29 16:13:22', 38),
(203, -2, 0, 0, 0, 0, 0, 0, 0, 0, 0, 0, 'L,R,R,L', '2020-01-29 16:14:46', 38),
(204, -2, 0, 0, 0, 0, 0, 0, 0, 0, 0, 0, 'R,R,L', '2020-01-29 16:15:41', 38),
(205, -3, 0, 0, 0, 0, 0, 0, 0, 0, 0, 1, NULL, '2020-01-29 16:16:50', 38),
(206, 1, 1, 1, 0, 1, 0, 0, 0, 0, 0, 0, NULL, '2020-01-29 16:17:48', 38),
(207, 2, 0, 1, 1, 0, 0, 1, 0, 0, 0, 0, NULL, '2020-01-29 16:18:38', 38),
(208, 3, 0, 1, 1, 0, 0, 1, 0, 0, 0, 0, NULL, '2020-01-29 16:19:35', 38),
(209, 4, 0, 0, 0, 1, 1, 1, 0, 0, 0, 0, NULL, '2020-01-29 16:20:24', 38),
(210, 5, 1, 0, 0, 1, 1, 0, 0, 0, 0, 0, NULL, '2020-01-29 16:21:13', 38),
(211, 6, 1, 0, 0, 1, 0, 1, 0, 0, 0, 0, NULL, '2020-01-29 16:22:05', 38),
(212, 7, 0, 0, 0, 0, 0, 0, 0, 0, 0, 0, 'R,L,R,L,R', '2020-01-29 16:23:15', 38),
(213, 8, 0, 0, 0, 0, 0, 0, 0, 0, 0, 0, 'L,R,L', '2020-01-29 16:23:58', 38),
(214, 9, 0, 0, 0, 0, 0, 0, 0, 0, 0, 0, 'L,R,L', '2020-01-29 16:24:48', 38),
(215, -1, 1, 1, 0, 0, 1, 0, 0, 0, 0, 0, NULL, '2020-01-29 16:25:10', 39),
(216, 10, 0, 0, 0, 0, 0, 0, 0, 0, 0, 0, 'L,R,L,R', '2020-01-29 16:25:44', 38),
(217, 11, 0, 0, 0, 0, 0, 0, 0, 0, 0, 0, 'L,R,L,R,L,R', '2020-01-29 16:26:28', 38),
(218, -2, 0, 0, 0, 0, 0, 0, 0, 0, 0, 0, 'R,R,L', '2020-01-29 16:26:41', 39),
(219, 12, 0, 0, 0, 0, 0, 0, 0, 0, 0, 0, 'L,R,L,R,R,L', '2020-01-29 16:27:17', 38),
(220, -3, 0, 0, 0, 0, 0, 0, 0, 0, 0, 1, NULL, '2020-01-29 16:27:51', 39),
(221, 13, 0, 0, 0, 0, 0, 0, 0, 0, 1, 0, NULL, '2020-01-29 16:28:30', 38),
(222, 1, 0, 1, 0, 1, 0, 0, 0, 0, 0, 0, NULL, '2020-01-29 16:28:42', 39),
(223, 14, 0, 0, 0, 0, 0, 0, 1, 0, 0, 0, NULL, '2020-01-29 16:29:22', 38),
(224, 2, 0, 1, 1, 0, 0, 0, 0, 0, 0, 0, NULL, '2020-01-29 16:29:41', 39),
(225, 15, 0, 0, 0, 0, 0, 0, 0, 0, 1, 0, NULL, '2020-01-29 16:30:16', 38),
(226, 3, 0, 1, 1, 0, 0, 0, 0, 0, 0, 0, NULL, '2020-01-29 16:30:31', 39),
(227, 16, 0, 0, 0, 0, 0, 0, 0, 0, 0, 1, NULL, '2020-01-29 16:31:15', 38),
(228, 4, 0, 0, 0, 1, 1, 1, 0, 0, 0, 0, NULL, '2020-01-29 16:31:41', 39),
(229, 17, 0, 0, 0, 0, 0, 0, 0, 0, 0, 1, NULL, '2020-01-29 16:32:12', 38),
(230, 5, 1, 0, 0, 1, 1, 0, 0, 0, 0, 0, NULL, '2020-01-29 16:32:31', 39),
(231, 18, 0, 0, 0, 0, 0, 0, 0, 0, 1, 0, NULL, '2020-01-29 16:33:02', 38),
(232, 6, 1, 0, 1, 0, 0, 0, 0, 0, 0, 0, NULL, '2020-01-29 16:33:23', 39),
(233, 7, 0, 0, 0, 0, 0, 0, 0, 0, 0, 0, 'R,L,L,R,L,R,L', '2020-01-29 16:34:21', 39),
(234, 8, 0, 0, 0, 0, 0, 0, 0, 0, 0, 0, 'L,R,L', '2020-01-29 16:35:05', 39),
(235, 9, 0, 0, 0, 0, 0, 0, 0, 0, 0, 0, 'L,R,L', '2020-01-29 16:35:48', 39),
(236, 10, 0, 0, 0, 0, 0, 0, 0, 0, 0, 0, 'L,R,L,R', '2020-01-29 16:36:33', 39),
(237, 11, 0, 0, 0, 0, 0, 0, 0, 0, 0, 0, 'L,R,L,R,L,R', '2020-01-29 16:37:14', 39),
(238, 12, 0, 0, 0, 0, 0, 0, 0, 0, 0, 0, 'L,L,R,L,R,L', '2020-01-29 16:38:06', 39),
(239, 13, 0, 0, 0, 0, 0, 0, 1, 0, 0, 0, NULL, '2020-01-29 16:40:00', 39),
(240, 14, 0, 0, 0, 0, 0, 0, 1, 0, 0, 0, NULL, '2020-01-29 16:40:52', 39),
(241, 15, 0, 0, 0, 0, 0, 0, 0, 0, 1, 0, NULL, '2020-01-29 16:41:47', 39),
(242, 16, 0, 0, 0, 0, 0, 0, 0, 0, 0, 1, NULL, '2020-01-29 16:42:38', 39),
(243, 17, 0, 0, 0, 0, 0, 0, 0, 0, 0, 1, NULL, '2020-01-29 16:43:29', 39),
(244, 18, 0, 0, 0, 0, 0, 0, 0, 0, 1, 0, NULL, '2020-01-29 16:44:21', 39),
(245, -1, 0, 1, 0, 0, 0, 1, 0, 0, 0, 0, NULL, '2020-01-29 17:58:31', 40),
(246, -2, 0, 0, 0, 0, 0, 0, 0, 0, 0, 0, 'R,R,L', '2020-01-29 18:00:00', 40),
(247, -3, 0, 0, 0, 0, 0, 0, 0, 0, 0, 1, NULL, '2020-01-29 18:01:19', 40),
(248, 1, 1, 1, 0, 1, 0, 0, 0, 0, 0, 0, NULL, '2020-01-29 18:02:33', 40),
(249, -1, 1, 1, 0, 0, 1, 0, 0, 0, 0, 0, NULL, '2020-01-29 18:03:30', 41),
(250, 2, 0, 1, 0, 0, 0, 1, 0, 0, 0, 0, NULL, '2020-01-29 18:03:37', 40),
(251, 3, 0, 1, 1, 0, 0, 0, 0, 0, 0, 0, NULL, '2020-01-29 18:04:36', 40),
(252, -2, 0, 0, 0, 0, 0, 0, 0, 0, 0, 0, 'R,L', '2020-01-29 18:04:52', 41),
(253, -1, 1, 1, 0, 0, 0, 1, 0, 0, 0, 0, NULL, '2020-01-29 18:05:20', 42),
(254, 4, 0, 0, 0, 1, 1, 0, 0, 0, 0, 0, NULL, '2020-01-29 18:05:33', 40),
(255, -2, 0, 0, 0, 0, 0, 0, 0, 0, 0, 0, 'R,R,L', '2020-01-29 18:05:39', 41),
(256, -1, 1, 1, 0, 0, 1, 0, 0, 0, 0, 0, NULL, '2020-01-29 18:06:10', 42),
(257, 5, 1, 0, 0, 1, 0, 0, 0, 0, 0, 0, NULL, '2020-01-29 18:06:33', 40),
(258, -3, 0, 0, 0, 0, 0, 0, 0, 0, 0, 1, NULL, '2020-01-29 18:06:53', 41),
(259, 6, 1, 0, 1, 1, 0, 0, 0, 0, 0, 0, NULL, '2020-01-29 18:07:25', 40),
(260, -2, 0, 0, 0, 0, 0, 0, 0, 0, 0, 0, 'R,L', '2020-01-29 18:07:48', 42),
(261, 1, 0, 1, 0, 1, 0, 0, 0, 0, 0, 0, NULL, '2020-01-29 18:08:03', 41),
(262, 7, 0, 0, 0, 0, 0, 0, 0, 0, 0, 0, 'R,L,L,R,L,R', '2020-01-29 18:08:30', 40),
(263, -2, 0, 0, 0, 0, 0, 0, 0, 0, 0, 0, 'R,R,L', '2020-01-29 18:08:38', 42),
(264, 2, 0, 1, 1, 0, 0, 0, 0, 0, 0, 0, NULL, '2020-01-29 18:09:11', 41),
(265, 8, 0, 0, 0, 0, 0, 0, 0, 0, 0, 0, 'L,R,L,L', '2020-01-29 18:09:20', 40),
(266, -3, 0, 0, 0, 0, 0, 0, 0, 0, 0, 1, NULL, '2020-01-29 18:09:52', 42),
(267, 3, 0, 1, 1, 0, 0, 0, 0, 0, 0, 0, NULL, '2020-01-29 18:10:01', 41),
(268, 9, 0, 0, 0, 0, 0, 0, 0, 0, 0, 0, 'L,R,L,R', '2020-01-29 18:10:11', 40),
(269, 10, 0, 0, 0, 0, 0, 0, 0, 0, 0, 0, 'L,R,L,R', '2020-01-29 18:10:58', 40),
(270, 1, 1, 1, 0, 1, 0, 0, 0, 0, 0, 0, NULL, '2020-01-29 18:11:04', 42),
(271, 4, 0, 0, 0, 1, 1, 0, 0, 0, 0, 0, NULL, '2020-01-29 18:11:25', 41),
(272, 11, 0, 0, 0, 0, 0, 0, 0, 0, 0, 0, 'L,R,L,R,L,R', '2020-01-29 18:11:43', 40),
(273, 2, 0, 1, 1, 0, 0, 1, 0, 0, 0, 0, NULL, '2020-01-29 18:11:55', 42),
(274, 5, 1, 0, 0, 1, 1, 0, 0, 0, 0, 0, NULL, '2020-01-29 18:12:15', 41),
(275, 12, 0, 0, 0, 0, 0, 0, 0, 0, 0, 0, 'L,L,R,L,L', '2020-01-29 18:12:36', 40),
(276, 3, 0, 0, 1, 1, 0, 1, 0, 0, 0, 0, NULL, '2020-01-29 18:12:51', 42),
(277, 6, 1, 0, 1, 0, 0, 0, 0, 0, 0, 0, NULL, '2020-01-29 18:13:02', 41),
(278, 13, 0, 0, 0, 0, 0, 0, 1, 0, 0, 0, NULL, '2020-01-29 18:13:29', 40),
(279, 4, 0, 0, 0, 1, 1, 1, 0, 0, 0, 0, NULL, '2020-01-29 18:13:47', 42),
(280, 14, 0, 0, 0, 0, 0, 0, 1, 0, 0, 0, NULL, '2020-01-29 18:14:24', 40),
(281, 5, 1, 0, 0, 1, 1, 0, 0, 0, 0, 0, NULL, '2020-01-29 18:14:37', 42),
(282, 7, 0, 0, 0, 0, 0, 0, 0, 0, 0, 0, 'R,L,L,R,L,R,L,R', '2020-01-29 18:15:02', 41),
(283, 15, 0, 0, 0, 0, 0, 0, 0, 0, 1, 0, NULL, '2020-01-29 18:15:16', 40),
(284, 6, 0, 0, 1, 1, 0, 1, 0, 0, 0, 0, NULL, '2020-01-29 18:15:30', 42),
(285, 8, 0, 0, 0, 0, 0, 0, 0, 0, 0, 0, 'L,R,L', '2020-01-29 18:15:52', 41),
(286, 16, 0, 0, 0, 0, 0, 0, 0, 0, 0, 1, NULL, '2020-01-29 18:16:07', 40),
(287, 7, 0, 0, 0, 0, 0, 0, 0, 0, 0, 0, 'R,L,L,R,L,R', '2020-01-29 18:16:25', 42),
(288, 9, 0, 0, 0, 0, 0, 0, 0, 0, 0, 0, 'L,R,L', '2020-01-29 18:16:36', 41),
(289, 17, 0, 0, 0, 0, 0, 0, 0, 0, 0, 1, NULL, '2020-01-29 18:16:59', 40),
(290, 8, 0, 0, 0, 0, 0, 0, 0, 0, 0, 0, 'L,R,L', '2020-01-29 18:17:09', 42),
(291, 10, 0, 0, 0, 0, 0, 0, 0, 0, 0, 0, 'L,R,L,R', '2020-01-29 18:17:24', 41),
(292, 18, 0, 0, 0, 0, 0, 0, 0, 0, 1, 0, NULL, '2020-01-29 18:17:49', 40),
(293, 9, 0, 0, 0, 0, 0, 0, 0, 0, 0, 0, 'L,R,L', '2020-01-29 18:17:50', 42),
(294, 11, 0, 0, 0, 0, 0, 0, 0, 0, 0, 0, 'L,R,L,R,L,R', '2020-01-29 18:18:13', 41),
(295, 10, 0, 0, 0, 0, 0, 0, 0, 0, 0, 0, 'L,R,L,R', '2020-01-29 18:18:35', 42),
(296, 12, 0, 0, 0, 0, 0, 0, 0, 0, 0, 0, 'L,L,R,L,R,R', '2020-01-29 18:19:10', 41),
(297, 11, 0, 0, 0, 0, 0, 0, 0, 0, 0, 0, 'L,R,L,R,L', '2020-01-29 18:19:19', 42),
(298, 12, 0, 0, 0, 0, 0, 0, 0, 0, 0, 0, 'L,R,L,R,R,L', '2020-01-29 18:20:06', 42),
(299, 13, 0, 0, 0, 0, 0, 0, 1, 0, 0, 0, NULL, '2020-01-29 18:20:18', 41),
(300, 13, 0, 0, 0, 0, 0, 0, 0, 0, 1, 0, NULL, '2020-01-29 18:21:17', 42),
(301, 14, 0, 0, 0, 0, 0, 0, 1, 0, 0, 0, NULL, '2020-01-29 18:21:38', 41),
(302, 14, 0, 0, 0, 0, 0, 0, 0, 0, 1, 0, NULL, '2020-01-29 18:22:08', 42),
(303, 15, 0, 0, 0, 0, 0, 0, 0, 0, 1, 0, NULL, '2020-01-29 18:22:26', 41),
(304, 15, 0, 0, 0, 0, 0, 0, 0, 0, 1, 0, NULL, '2020-01-29 18:22:58', 42),
(305, 16, 0, 0, 0, 0, 0, 0, 0, 0, 0, 1, NULL, '2020-01-29 18:23:49', 41),
(306, 16, 0, 0, 0, 0, 0, 0, 0, 0, 0, 1, NULL, '2020-01-29 18:23:52', 42),
(307, 17, 0, 0, 0, 0, 0, 0, 0, 0, 0, 1, NULL, '2020-01-29 18:24:38', 41),
(308, 17, 0, 0, 0, 0, 0, 0, 0, 0, 0, 1, NULL, '2020-01-29 18:24:45', 42),
(309, 18, 0, 0, 0, 0, 0, 0, 0, 0, 1, 0, NULL, '2020-01-29 18:25:30', 41),
(310, 18, 0, 0, 0, 0, 0, 0, 0, 0, 1, 0, NULL, '2020-01-29 18:25:40', 42),
(311, -1, 1, 1, 1, 0, 0, 0, 0, 0, 0, 0, NULL, '2020-01-30 16:04:26', 43),
(312, -1, 1, 1, 0, 0, 1, 0, 0, 0, 0, 0, NULL, '2020-01-30 16:05:24', 43),
(313, -1, 0, 1, 1, 1, 0, 0, 0, 0, 0, 0, NULL, '2020-01-30 16:06:32', 44),
(314, -2, 0, 0, 0, 0, 0, 0, 0, 0, 0, 0, 'R', '2020-01-30 16:06:38', 43),
(315, -1, 0, 1, 0, 1, 0, 1, 0, 0, 0, 0, NULL, '2020-01-30 16:07:39', 44),
(316, -3, 0, 0, 0, 0, 0, 0, 0, 0, 0, 1, NULL, '2020-01-30 16:07:58', 43),
(317, -2, 0, 0, 0, 0, 0, 0, 0, 0, 0, 0, 'R,R,L', '2020-01-30 16:08:54', 44),
(318, 1, 1, 1, 0, 1, 0, 0, 0, 0, 0, 0, NULL, '2020-01-30 16:08:59', 43),
(319, 2, 0, 1, 1, 0, 0, 1, 0, 0, 0, 0, NULL, '2020-01-30 16:09:51', 43),
(320, -3, 0, 0, 0, 0, 0, 0, 0, 0, 0, 1, NULL, '2020-01-30 16:10:08', 44),
(321, 3, 0, 0, 1, 0, 1, 1, 0, 0, 0, 0, NULL, '2020-01-30 16:10:43', 43),
(322, 1, 0, 1, 0, 1, 0, 0, 0, 0, 0, 0, NULL, '2020-01-30 16:11:17', 44),
(323, 4, 0, 1, 0, 1, 0, 1, 0, 0, 0, 0, NULL, '2020-01-30 16:11:37', 43),
(324, 2, 0, 1, 1, 0, 1, 0, 0, 0, 0, 0, NULL, '2020-01-30 16:12:12', 44),
(325, 5, 1, 0, 0, 1, 1, 0, 0, 0, 0, 0, NULL, '2020-01-30 16:12:29', 43),
(326, 3, 0, 1, 1, 0, 1, 0, 0, 0, 0, 0, NULL, '2020-01-30 16:13:16', 44),
(327, 6, 1, 0, 1, 1, 0, 0, 0, 0, 0, 0, NULL, '2020-01-30 16:13:21', 43),
(328, 4, 1, 0, 1, 0, 0, 1, 0, 0, 0, 0, NULL, '2020-01-30 16:14:12', 44),
(329, 7, 0, 0, 0, 0, 0, 0, 0, 0, 0, 0, 'R,L,R,L,R', '2020-01-30 16:14:51', 43),
(330, 5, 0, 0, 0, 1, 1, 1, 0, 0, 0, 0, NULL, '2020-01-30 16:15:22', 44),
(331, 8, 0, 0, 0, 0, 0, 0, 0, 0, 0, 0, 'L,R,L', '2020-01-30 16:15:34', 43),
(332, 9, 0, 0, 0, 0, 0, 0, 0, 0, 0, 0, 'L,R,L', '2020-01-30 16:16:16', 43),
(333, 6, 1, 0, 1, 1, 0, 0, 0, 0, 0, 0, NULL, '2020-01-30 16:16:17', 44),
(334, 10, 0, 0, 0, 0, 0, 0, 0, 0, 0, 0, 'L,R,L,R', '2020-01-30 16:17:03', 43),
(335, 7, 0, 0, 0, 0, 0, 0, 0, 0, 0, 0, 'R,L,L,R,L,R', '2020-01-30 16:17:34', 44),
(336, 11, 0, 0, 0, 0, 0, 0, 0, 0, 0, 0, 'L,R,L,R,L,R', '2020-01-30 16:17:42', 43),
(337, 12, 0, 0, 0, 0, 0, 0, 0, 0, 0, 0, 'L,L,R,L,R,R,L', '2020-01-30 16:18:28', 43),
(338, 8, 0, 0, 0, 0, 0, 0, 0, 0, 0, 0, 'L,R,L', '2020-01-30 16:18:30', 44),
(339, 9, 0, 0, 0, 0, 0, 0, 0, 0, 0, 0, 'L,R,L', '2020-01-30 16:19:12', 44),
(340, 13, 0, 0, 0, 0, 0, 0, 1, 0, 0, 0, NULL, '2020-01-30 16:19:55', 43),
(341, 10, 0, 0, 0, 0, 0, 0, 0, 0, 0, 0, 'L,R,L,R', '2020-01-30 16:19:58', 44),
(342, 11, 0, 0, 0, 0, 0, 0, 0, 0, 0, 0, 'L,R,L,R,L,R', '2020-01-30 16:20:38', 44),
(343, 14, 0, 0, 0, 0, 0, 0, 1, 0, 0, 0, NULL, '2020-01-30 16:20:48', 43),
(344, 12, 0, 0, 0, 0, 0, 0, 0, 0, 0, 0, 'L,L,R,L,R,L', '2020-01-30 16:21:36', 44),
(345, 15, 0, 0, 0, 0, 0, 0, 0, 1, 0, 0, NULL, '2020-01-30 16:21:44', 43),
(346, 16, 0, 0, 0, 0, 0, 0, 0, 0, 0, 1, NULL, '2020-01-30 16:22:33', 43),
(347, 13, 0, 0, 0, 0, 0, 0, 1, 0, 0, 0, NULL, '2020-01-30 16:22:35', 44),
(348, 17, 0, 0, 0, 0, 0, 0, 0, 0, 0, 1, NULL, '2020-01-30 16:23:26', 43),
(349, 14, 0, 0, 0, 0, 0, 0, 0, 0, 1, 0, NULL, '2020-01-30 16:23:34', 44),
(350, 18, 0, 0, 0, 0, 0, 0, 0, 0, 1, 0, NULL, '2020-01-30 16:24:14', 43),
(351, 15, 0, 0, 0, 0, 0, 0, 0, 0, 1, 0, NULL, '2020-01-30 16:24:30', 44),
(352, 16, 0, 0, 0, 0, 0, 0, 0, 0, 0, 1, NULL, '2020-01-30 16:25:20', 44),
(353, 17, 0, 0, 0, 0, 0, 0, 0, 0, 0, 1, NULL, '2020-01-30 16:26:13', 44),
(354, 18, 0, 0, 0, 0, 0, 0, 0, 0, 0, 1, NULL, '2020-01-30 16:27:09', 44),
(355, -1, 1, 1, 1, 0, 0, 0, 0, 0, 0, 0, NULL, '2020-01-30 16:30:57', 45),
(356, -1, 1, 1, 0, 0, 0, 1, 0, 0, 0, 0, NULL, '2020-01-30 16:31:58', 46),
(357, -1, 1, 1, 0, 1, 0, 0, 0, 0, 0, 0, NULL, '2020-01-30 16:31:59', 45),
(358, -2, 0, 0, 0, 0, 0, 0, 0, 0, 0, 0, 'R,R,L', '2020-01-30 16:32:56', 45),
(359, -1, 0, 1, 1, 1, 0, 0, 0, 0, 0, 0, NULL, '2020-01-30 16:33:07', 46),
(360, -1, 0, 1, 0, 0, 0, 0, 0, 0, 0, 0, NULL, '2020-01-30 16:34:26', 46),
(361, -3, 0, 0, 0, 0, 0, 0, 0, 0, 0, 1, NULL, '2020-01-30 16:34:27', 45),
(362, 1, 1, 1, 0, 1, 0, 0, 0, 0, 0, 0, NULL, '2020-01-30 16:35:30', 45),
(363, -2, 0, 0, 0, 0, 0, 0, 0, 0, 0, 0, 'L,R,R,L', '2020-01-30 16:35:35', 46),
(364, 2, 0, 1, 0, 1, 1, 0, 0, 0, 0, 0, NULL, '2020-01-30 16:36:23', 45),
(365, -3, 0, 0, 0, 0, 0, 0, 0, 0, 0, 1, NULL, '2020-01-30 16:36:47', 46),
(366, 3, 1, 1, 1, 0, 0, 0, 0, 0, 0, 0, NULL, '2020-01-30 16:37:17', 45),
(367, 1, 1, 1, 0, 1, 0, 0, 0, 0, 0, 0, NULL, '2020-01-30 16:37:52', 46),
(368, 4, 0, 0, 0, 1, 1, 1, 0, 0, 0, 0, NULL, '2020-01-30 16:38:09', 45),
(369, 2, 0, 1, 1, 0, 0, 1, 0, 0, 0, 0, NULL, '2020-01-30 16:38:46', 46),
(370, 5, 1, 0, 0, 1, 1, 0, 0, 0, 0, 0, NULL, '2020-01-30 16:39:01', 45),
(371, 3, 0, 1, 1, 1, 0, 0, 0, 0, 0, 0, NULL, '2020-01-30 16:39:35', 46),
(372, 6, 1, 0, 1, 1, 0, 0, 0, 0, 0, 0, NULL, '2020-01-30 16:39:48', 45),
(373, 4, 0, 0, 0, 1, 1, 1, 0, 0, 0, 0, NULL, '2020-01-30 16:40:25', 46),
(374, 5, 1, 0, 0, 1, 1, 0, 0, 0, 0, 0, NULL, '2020-01-30 16:41:13', 46),
(375, 7, 0, 0, 0, 0, 0, 0, 0, 0, 0, 0, 'R,L,L,R,L,R', '2020-01-30 16:41:21', 45),
(376, 6, 1, 0, 1, 1, 0, 0, 0, 0, 0, 0, NULL, '2020-01-30 16:42:04', 46),
(377, 8, 0, 0, 0, 0, 0, 0, 0, 0, 0, 0, 'L,R,L', '2020-01-30 16:42:06', 45),
(378, 9, 0, 0, 0, 0, 0, 0, 0, 0, 0, 0, 'L,R,L', '2020-01-30 16:42:48', 45),
(379, 7, 0, 0, 0, 0, 0, 0, 0, 0, 0, 0, 'R,L,R,L', '2020-01-30 16:43:01', 46),
(380, 10, 0, 0, 0, 0, 0, 0, 0, 0, 0, 0, 'L,R,L,R', '2020-01-30 16:43:34', 45),
(381, 8, 0, 0, 0, 0, 0, 0, 0, 0, 0, 0, 'L,R,L', '2020-01-30 16:43:58', 46),
(382, 11, 0, 0, 0, 0, 0, 0, 0, 0, 0, 0, 'L,R,L,R,L,R', '2020-01-30 16:44:15', 45),
(383, 9, 0, 0, 0, 0, 0, 0, 0, 0, 0, 0, 'L,R,L', '2020-01-30 16:44:38', 46),
(384, 12, 0, 0, 0, 0, 0, 0, 0, 0, 0, 0, 'L,L,R,L,R,L', '2020-01-30 16:45:15', 45),
(385, 10, 0, 0, 0, 0, 0, 0, 0, 0, 0, 0, 'L,R,L,R', '2020-01-30 16:45:31', 46),
(386, 11, 0, 0, 0, 0, 0, 0, 0, 0, 0, 0, 'L,R,L,R,L,R', '2020-01-30 16:46:12', 46),
(387, 13, 0, 0, 0, 0, 0, 0, 1, 0, 0, 0, NULL, '2020-01-30 16:46:20', 45),
(388, 12, 0, 0, 0, 0, 0, 0, 0, 0, 0, 0, 'L,L,R,L,R,R,L', '2020-01-30 16:46:57', 46),
(389, 14, 0, 0, 0, 0, 0, 0, 0, 0, 1, 0, NULL, '2020-01-30 16:47:30', 45),
(390, 13, 0, 0, 0, 0, 0, 0, 1, 0, 0, 0, NULL, '2020-01-30 16:48:07', 46),
(391, 15, 0, 0, 0, 0, 0, 0, 0, 0, 1, 0, NULL, '2020-01-30 16:48:21', 45),
(392, 14, 0, 0, 0, 0, 0, 0, 1, 0, 0, 0, NULL, '2020-01-30 16:48:55', 46),
(393, 16, 0, 0, 0, 0, 0, 0, 0, 0, 0, 1, NULL, '2020-01-30 16:49:15', 45),
(394, 15, 0, 0, 0, 0, 0, 0, 0, 0, 1, 0, NULL, '2020-01-30 16:49:43', 46),
(395, 17, 0, 0, 0, 0, 0, 0, 0, 0, 0, 1, NULL, '2020-01-30 16:50:15', 45),
(396, 16, 0, 0, 0, 0, 0, 0, 0, 0, 0, 1, NULL, '2020-01-30 16:50:35', 46),
(397, 18, 0, 0, 0, 0, 0, 0, 0, 0, 1, 0, NULL, '2020-01-30 16:51:06', 45),
(398, 17, 0, 0, 0, 0, 0, 0, 0, 0, 0, 1, NULL, '2020-01-30 16:51:27', 46),
(399, 18, 0, 0, 0, 0, 0, 0, 0, 0, 1, 0, NULL, '2020-01-30 16:52:20', 46),
(400, -1, 0, 1, 0, 1, 1, 0, 0, 0, 0, 0, NULL, '2020-01-30 18:21:39', 47),
(401, -1, 1, 1, 0, 0, 1, 0, 0, 0, 0, 0, NULL, '2020-01-30 18:22:43', 47),
(402, -2, 0, 0, 0, 0, 0, 0, 0, 0, 0, 0, 'R,R,L', '2020-01-30 18:24:16', 47),
(403, -3, 0, 0, 0, 0, 0, 0, 0, 0, 0, 1, NULL, '2020-01-30 18:25:45', 47),
(404, 1, 0, 0, 1, 1, 0, 1, 0, 0, 0, 0, NULL, '2020-01-30 18:27:07', 47),
(405, 2, 0, 1, 1, 0, 0, 1, 0, 0, 0, 0, NULL, '2020-01-30 18:28:42', 47),
(406, 3, 0, 0, 1, 1, 1, 0, 0, 0, 0, 0, NULL, '2020-01-30 18:29:50', 47),
(407, 4, 0, 0, 0, 1, 1, 1, 0, 0, 0, 0, NULL, '2020-01-30 18:31:02', 47),
(408, 5, 1, 0, 0, 0, 1, 1, 0, 0, 0, 0, NULL, '2020-01-30 18:32:17', 47),
(409, 6, 1, 0, 1, 1, 0, 0, 0, 0, 0, 0, NULL, '2020-01-30 18:33:21', 47),
(410, 7, 0, 0, 0, 0, 0, 0, 0, 0, 0, 0, 'R,L,L,R,L,L', '2020-01-30 18:34:34', 47),
(411, 8, 0, 0, 0, 0, 0, 0, 0, 0, 0, 0, 'L,R,L', '2020-01-30 18:35:18', 47),
(412, 9, 0, 0, 0, 0, 0, 0, 0, 0, 0, 0, 'L,R,L', '2020-01-30 18:36:00', 47),
(413, 10, 0, 0, 0, 0, 0, 0, 0, 0, 0, 0, 'L,R,L', '2020-01-30 18:36:50', 47),
(414, 11, 0, 0, 0, 0, 0, 0, 0, 0, 0, 0, 'L,R,L,R,L,R', '2020-01-30 18:37:31', 47),
(415, 12, 0, 0, 0, 0, 0, 0, 0, 0, 0, 0, 'L,L,R,L,R,R,L', '2020-01-30 18:38:21', 47),
(416, 13, 0, 0, 0, 0, 0, 0, 0, 0, 1, 0, NULL, '2020-01-30 18:39:42', 47),
(417, 14, 0, 0, 0, 0, 0, 0, 1, 0, 0, 0, NULL, '2020-01-30 18:40:35', 47),
(418, 15, 0, 0, 0, 0, 0, 0, 0, 0, 1, 0, NULL, '2020-01-30 18:41:44', 47),
(419, 16, 0, 0, 0, 0, 0, 0, 0, 0, 0, 1, NULL, '2020-01-30 18:42:35', 47),
(420, 17, 0, 0, 0, 0, 0, 0, 0, 0, 0, 1, NULL, '2020-01-30 18:44:27', 47),
(421, 18, 0, 0, 0, 0, 0, 0, 0, 0, 1, 0, NULL, '2020-01-30 18:45:31', 47),
(422, -1, 1, 1, 0, 0, 1, 0, 0, 0, 0, 0, NULL, '2020-01-30 18:50:54', 48),
(423, -2, 0, 0, 0, 0, 0, 0, 0, 0, 0, 0, 'R,L,R', '2020-01-30 18:52:13', 48),
(424, -2, 0, 0, 0, 0, 0, 0, 0, 0, 0, 0, 'R,R,L', '2020-01-30 18:53:01', 48),
(425, -3, 0, 0, 0, 0, 0, 0, 0, 0, 0, 1, NULL, '2020-01-30 18:53:59', 48),
(426, 1, 1, 1, 0, 0, 0, 0, 0, 0, 0, 0, NULL, '2020-01-30 18:54:52', 48),
(427, 2, 0, 1, 0, 0, 1, 1, 0, 0, 0, 0, NULL, '2020-01-30 18:55:50', 48),
(428, 3, 0, 1, 1, 0, 0, 1, 0, 0, 0, 0, NULL, '2020-01-30 18:56:37', 48),
(429, 4, 0, 0, 1, 1, 1, 0, 0, 0, 0, 0, NULL, '2020-01-30 18:57:38', 48),
(430, 5, 1, 0, 0, 1, 1, 0, 0, 0, 0, 0, NULL, '2020-01-30 18:58:28', 48),
(431, 6, 1, 0, 1, 1, 0, 0, 0, 0, 0, 0, NULL, '2020-01-30 18:59:17', 48),
(432, 7, 0, 0, 0, 0, 0, 0, 0, 0, 0, 0, 'R,L,L,R,L', '2020-01-30 19:00:16', 48),
(433, 8, 0, 0, 0, 0, 0, 0, 0, 0, 0, 0, 'L,R,L', '2020-01-30 19:01:04', 48),
(434, 9, 0, 0, 0, 0, 0, 0, 0, 0, 0, 0, 'L,R,L', '2020-01-30 19:01:45', 48),
(435, 10, 0, 0, 0, 0, 0, 0, 0, 0, 0, 0, 'L,R,L', '2020-01-30 19:02:29', 48),
(436, 11, 0, 0, 0, 0, 0, 0, 0, 0, 0, 0, 'L,R,L,R,L,R', '2020-01-30 19:03:12', 48),
(437, 12, 0, 0, 0, 0, 0, 0, 0, 0, 0, 0, 'L,L,R,L,R,R,L', '2020-01-30 19:03:56', 48),
(438, 13, 0, 0, 0, 0, 0, 0, 1, 0, 0, 0, NULL, '2020-01-30 19:04:48', 48),
(439, 14, 0, 0, 0, 0, 0, 0, 1, 0, 0, 0, NULL, '2020-01-30 19:05:36', 48),
(440, 15, 0, 0, 0, 0, 0, 0, 0, 0, 1, 0, NULL, '2020-01-30 19:06:29', 48),
(441, 16, 0, 0, 0, 0, 0, 0, 0, 0, 0, 1, NULL, '2020-01-30 19:07:16', 48),
(442, 17, 0, 0, 0, 0, 0, 0, 0, 0, 0, 1, NULL, '2020-01-30 19:08:00', 48),
(443, 18, 0, 0, 0, 0, 0, 0, 0, 0, 1, 0, NULL, '2020-01-30 19:08:53', 48),
(584, -1, 1, 1, 0, 0, 1, 0, 0, 0, 0, 0, NULL, '2020-02-05 21:48:26', 49),
(585, -2, 0, 0, 0, 0, 0, 0, 0, 0, 0, 0, 'R,R,L', '2020-02-05 21:52:50', 49),
(586, -3, 0, 0, 0, 0, 0, 0, 0, 0, 0, 1, NULL, '2020-02-05 21:56:23', 49),
(587, 1, 1, 1, 0, 1, 0, 0, 0, 0, 0, 0, NULL, '2020-02-05 21:59:11', 49),
(588, 2, 0, 1, 1, 0, 0, 1, 0, 0, 0, 0, NULL, '2020-02-05 22:00:22', 49),
(589, 3, 0, 1, 1, 0, 0, 1, 0, 0, 0, 0, NULL, '2020-02-05 22:01:31', 49),
(590, 4, 0, 1, 0, 0, 1, 1, 0, 0, 0, 0, NULL, '2020-02-05 22:02:38', 49),
(591, 5, 1, 0, 0, 1, 1, 0, 0, 0, 0, 0, NULL, '2020-02-05 22:03:31', 49),
(593, 6, 1, 0, 1, 1, 0, 0, 0, 0, 0, 0, NULL, '2020-02-05 22:04:33', 49),
(594, 7, 0, 0, 0, 0, 0, 0, 0, 0, 0, 0, 'R,L,L,R,L,R', '2020-02-05 22:06:24', 49),
(595, 8, 0, 0, 0, 0, 0, 0, 0, 0, 0, 0, 'L,R,L', '2020-02-05 22:07:17', 49),
(596, 9, 0, 0, 0, 0, 0, 0, 0, 0, 0, 0, 'L,R,L', '2020-02-05 22:07:59', 49),
(597, 10, 0, 0, 0, 0, 0, 0, 0, 0, 0, 0, 'L,R,L', '2020-02-05 22:10:29', 49),
(598, 11, 0, 0, 0, 0, 0, 0, 0, 0, 0, 0, 'L,R,L,R,L,R', '2020-02-05 22:11:10', 49),
(599, 12, 0, 0, 0, 0, 0, 0, 0, 0, 0, 0, 'L,L,R,L,R', '2020-02-05 22:11:57', 49),
(600, 13, 0, 0, 0, 0, 0, 0, 1, 0, 0, 0, NULL, '2020-02-05 22:13:58', 49),
(601, 14, 0, 0, 0, 0, 0, 0, 0, 0, 1, 0, NULL, '2020-02-05 22:15:44', 49),
(602, 15, 0, 0, 0, 0, 0, 0, 0, 0, 1, 0, NULL, '2020-02-05 22:17:15', 49),
(603, 16, 0, 0, 0, 0, 0, 0, 0, 0, 0, 1, NULL, '2020-02-05 22:18:07', 49),
(604, 17, 0, 0, 0, 0, 0, 0, 0, 0, 0, 1, NULL, '2020-02-05 22:21:25', 49),
(605, 18, 0, 0, 0, 0, 0, 0, 0, 0, 1, 0, NULL, '2020-02-05 22:22:32', 49),
(606, -1, 1, 1, 1, 0, 0, 0, 0, 0, 0, 0, NULL, '2020-02-06 11:44:49', 51),
(607, -1, 1, 1, 0, 0, 0, 0, 0, 0, 0, 0, NULL, '2020-02-06 11:46:18', 51),
(608, -2, 0, 0, 0, 0, 0, 0, 0, 0, 0, 0, 'L,R,R,L', '2020-02-06 11:47:45', 51),
(609, -2, 0, 0, 0, 0, 0, 0, 0, 0, 0, 0, 'R,R,L', '2020-02-06 11:48:59', 51),
(610, -3, 0, 0, 0, 0, 0, 0, 0, 0, 0, 1, NULL, '2020-02-06 12:29:52', 51),
(611, 1, 0, 1, 0, 1, 0, 1, 0, 0, 0, 0, NULL, '2020-02-06 12:31:54', 51),
(612, 2, 1, 1, 1, 0, 0, 0, 0, 0, 0, 0, NULL, '2020-02-06 12:54:26', 51),
(613, 3, 0, 1, 1, 0, 0, 1, 0, 0, 0, 0, NULL, '2020-02-06 12:55:52', 51),
(614, 4, 0, 0, 0, 1, 1, 1, 0, 0, 0, 0, NULL, '2020-02-06 12:57:15', 51),
(615, 5, 1, 0, 0, 1, 1, 0, 0, 0, 0, 0, NULL, '2020-02-06 12:58:39', 51),
(616, 6, 1, 0, 1, 1, 0, 0, 0, 0, 0, 0, NULL, '2020-02-06 13:04:09', 51),
(617, 7, 0, 0, 0, 0, 0, 0, 0, 0, 0, 0, 'R,L,R,L', '2020-02-06 13:08:41', 51),
(618, 8, 0, 0, 0, 0, 0, 0, 0, 0, 0, 0, 'L,R,L', '2020-02-06 13:09:38', 51),
(619, 9, 0, 0, 0, 0, 0, 0, 0, 0, 0, 0, 'L,R,L', '2020-02-06 13:10:29', 51),
(620, 10, 0, 0, 0, 0, 0, 0, 0, 0, 0, 0, 'L,R,L', '2020-02-06 13:11:24', 51),
(621, 11, 0, 0, 0, 0, 0, 0, 0, 0, 0, 0, 'L,R,L,R,L,R', '2020-02-06 13:12:28', 51),
(622, 12, 0, 0, 0, 0, 0, 0, 0, 0, 0, 0, 'L,L,R,L,R,R,L', '2020-02-06 13:13:24', 51),
(623, 13, 0, 0, 0, 0, 0, 0, 1, 0, 0, 0, NULL, '2020-02-06 15:26:34', 51),
(624, 14, 0, 0, 0, 0, 0, 0, 0, 0, 1, 0, NULL, '2020-02-06 15:27:43', 51),
(625, 15, 0, 0, 0, 0, 0, 0, 0, 0, 1, 0, NULL, '2020-02-06 15:28:45', 51),
(626, 16, 0, 0, 0, 0, 0, 0, 0, 0, 0, 1, NULL, '2020-02-06 15:29:46', 51),
(627, 17, 0, 0, 0, 0, 0, 0, 0, 0, 0, 1, NULL, '2020-02-06 15:30:44', 51),
(628, 18, 0, 0, 0, 0, 0, 0, 0, 0, 1, 0, NULL, '2020-02-06 15:31:39', 51),
(629, -1, 0, 1, 1, 0, 0, 0, 0, 0, 0, 0, NULL, '2020-02-07 12:31:57', 52),
(630, -1, 1, 1, 1, 0, 0, 0, 0, 0, 0, 0, NULL, '2020-02-07 12:32:59', 52),
(631, -2, 0, 0, 0, 0, 0, 0, 0, 0, 0, 0, 'R,L', '2020-02-07 12:34:11', 52),
(632, -2, 0, 0, 0, 0, 0, 0, 0, 0, 0, 0, 'R,R,L', '2020-02-07 12:35:07', 52),
(633, -3, 0, 0, 0, 0, 0, 0, 0, 0, 0, 1, NULL, '2020-02-07 12:36:18', 52),
(634, 1, 1, 1, 0, 1, 0, 0, 0, 0, 0, 0, NULL, '2020-02-07 12:37:52', 52),
(635, 2, 0, 1, 1, 0, 0, 1, 0, 0, 0, 0, NULL, '2020-02-07 12:42:27', 52),
(636, 3, 1, 1, 0, 1, 0, 0, 0, 0, 0, 0, NULL, '2020-02-07 12:43:25', 52),
(637, 4, 1, 0, 0, 1, 0, 1, 0, 0, 0, 0, NULL, '2020-02-07 13:00:24', 52),
(638, 5, 1, 0, 0, 0, 1, 1, 0, 0, 0, 0, NULL, '2020-02-07 13:01:16', 52),
(639, 6, 1, 0, 0, 1, 0, 1, 0, 0, 0, 0, NULL, '2020-02-07 13:02:09', 52),
(640, 7, 0, 0, 0, 0, 0, 0, 0, 0, 0, 0, 'R,L,L,R,L', '2020-02-07 13:03:30', 52),
(641, 8, 0, 0, 0, 0, 0, 0, 0, 0, 0, 0, 'L,L', '2020-02-07 13:04:56', 52),
(642, 9, 0, 0, 0, 0, 0, 0, 0, 0, 0, 0, 'L,R,L', '2020-02-07 13:05:38', 52),
(643, 10, 0, 0, 0, 0, 0, 0, 0, 0, 0, 0, 'L,L,R', '2020-02-07 13:06:23', 52),
(644, 11, 0, 0, 0, 0, 0, 0, 0, 0, 0, 0, 'L,L,R,L,R', '2020-02-07 13:07:09', 52),
(645, 12, 0, 0, 0, 0, 0, 0, 0, 0, 0, 0, 'L,L,R', '2020-02-07 13:07:56', 52),
(646, 13, 0, 0, 0, 0, 0, 0, 0, 0, 1, 0, NULL, '2020-02-07 13:09:19', 52),
(647, 14, 0, 0, 0, 0, 0, 0, 0, 1, 0, 0, NULL, '2020-02-07 13:10:26', 52),
(648, 15, 0, 0, 0, 0, 0, 0, 0, 1, 0, 0, NULL, '2020-02-07 13:11:49', 52),
(649, 16, 0, 0, 0, 0, 0, 0, 1, 0, 0, 0, NULL, '2020-02-07 13:12:55', 52),
(650, 17, 0, 0, 0, 0, 0, 0, 0, 0, 0, 1, NULL, '2020-02-07 13:14:05', 52),
(651, 18, 0, 0, 0, 0, 0, 0, 0, 0, 1, 0, NULL, '2020-02-07 13:14:58', 52),
(652, -1, 1, 1, 1, 0, 0, 0, 0, 0, 0, 0, NULL, '2020-02-08 14:13:42', 53),
(653, -1, 1, 1, 0, 0, 1, 0, 0, 0, 0, 0, NULL, '2020-02-08 14:14:41', 53),
(654, -2, 0, 0, 0, 0, 0, 0, 0, 0, 0, 0, 'R,R,L', '2020-02-08 14:15:58', 53),
(655, -3, 0, 0, 0, 0, 0, 0, 0, 0, 0, 1, NULL, '2020-02-08 14:17:11', 53),
(656, 1, 1, 1, 0, 1, 0, 0, 0, 0, 0, 0, NULL, '2020-02-08 14:18:24', 53),
(657, 2, 0, 1, 1, 0, 0, 1, 0, 0, 0, 0, NULL, '2020-02-08 14:19:21', 53),
(658, 3, 0, 1, 1, 0, 0, 1, 0, 0, 0, 0, NULL, '2020-02-08 14:20:22', 53),
(659, 4, 0, 0, 1, 1, 0, 1, 0, 0, 0, 0, NULL, '2020-02-08 14:21:22', 53),
(660, 5, 1, 0, 1, 1, 0, 0, 0, 0, 0, 0, NULL, '2020-02-08 14:22:14', 53),
(661, 6, 1, 1, 0, 1, 0, 0, 0, 0, 0, 0, NULL, '2020-02-08 14:23:06', 53),
(662, 7, 0, 0, 0, 0, 0, 0, 0, 0, 0, 0, 'R,L,L,R,L,R', '2020-02-08 14:24:12', 53),
(663, 8, 0, 0, 0, 0, 0, 0, 0, 0, 0, 0, 'L,R,L', '2020-02-08 14:25:25', 53),
(664, 9, 0, 0, 0, 0, 0, 0, 0, 0, 0, 0, 'L,L,R', '2020-02-08 14:26:18', 53),
(665, 10, 0, 0, 0, 0, 0, 0, 0, 0, 0, 0, 'L,R,L,R', '2020-02-08 14:27:09', 53),
(666, 11, 0, 0, 0, 0, 0, 0, 0, 0, 0, 0, 'L,R,L,R,L,R,R', '2020-02-08 14:27:56', 53),
(667, 12, 0, 0, 0, 0, 0, 0, 0, 0, 0, 0, 'L,L,R,L,R,L', '2020-02-08 14:28:50', 53),
(668, 13, 0, 0, 0, 0, 0, 0, 0, 0, 1, 0, NULL, '2020-02-08 14:29:53', 53),
(669, 14, 0, 0, 0, 0, 0, 0, 1, 0, 0, 0, NULL, '2020-02-08 14:30:44', 53),
(670, 15, 0, 0, 0, 0, 0, 0, 0, 0, 1, 0, NULL, '2020-02-08 14:31:43', 53),
(671, 16, 0, 0, 0, 0, 0, 0, 0, 0, 0, 1, NULL, '2020-02-08 14:32:38', 53),
(672, 17, 0, 0, 0, 0, 0, 0, 1, 0, 0, 0, NULL, '2020-02-08 14:33:42', 53),
(673, 18, 0, 0, 0, 0, 0, 0, 1, 0, 0, 0, NULL, '2020-02-08 14:34:36', 53),
(674, -1, 1, 1, 0, 0, 1, 0, 0, 0, 0, 0, NULL, '2020-02-10 13:51:47', 55),
(675, -2, 0, 0, 0, 0, 0, 0, 0, 0, 0, 0, 'L,R,R,L', '2020-02-10 13:53:12', 55),
(676, -2, 0, 0, 0, 0, 0, 0, 0, 0, 0, 0, 'L,L,R,R,L', '2020-02-10 13:54:10', 55),
(677, -3, 0, 0, 0, 0, 0, 0, 0, 0, 0, 1, NULL, '2020-02-10 13:55:16', 55),
(678, 1, 1, 1, 0, 1, 0, 0, 0, 0, 0, 0, NULL, '2020-02-10 13:56:24', 55),
(679, 2, 0, 1, 1, 0, 0, 1, 0, 0, 0, 0, NULL, '2020-02-10 13:57:20', 55),
(680, 3, 0, 1, 1, 0, 0, 1, 0, 0, 0, 0, NULL, '2020-02-10 13:58:17', 55),
(682, 4, 0, 0, 0, 1, 1, 1, 0, 0, 0, 0, NULL, '2020-02-10 13:59:18', 55),
(683, 5, 1, 0, 0, 1, 1, 0, 0, 0, 0, 0, NULL, '2020-02-10 14:00:07', 55),
(684, 6, 1, 0, 1, 1, 0, 0, 0, 0, 0, 0, NULL, '2020-02-10 14:00:58', 55),
(685, 7, 0, 0, 0, 0, 0, 0, 0, 0, 0, 0, 'R,L,L,R,L,R', '2020-02-10 14:01:59', 55),
(686, 8, 0, 0, 0, 0, 0, 0, 0, 0, 0, 0, 'L,R,L', '2020-02-10 14:02:42', 55),
(687, 9, 0, 0, 0, 0, 0, 0, 0, 0, 0, 0, 'L,R,L', '2020-02-10 14:03:24', 55),
(688, 10, 0, 0, 0, 0, 0, 0, 0, 0, 0, 0, 'L,R,L,R', '2020-02-10 14:04:10', 55),
(689, 11, 0, 0, 0, 0, 0, 0, 0, 0, 0, 0, 'L,R,L,R,L,R', '2020-02-10 14:04:54', 55),
(690, 12, 0, 0, 0, 0, 0, 0, 0, 0, 0, 0, 'L,L,R,L,R,R,L', '2020-02-10 14:05:58', 55),
(691, 13, 0, 0, 0, 0, 0, 0, 0, 0, 0, 1, NULL, '2020-02-10 14:06:57', 55),
(692, 14, 0, 0, 0, 0, 0, 0, 0, 0, 1, 0, NULL, '2020-02-10 14:07:50', 55),
(693, 15, 0, 0, 0, 0, 0, 0, 0, 0, 1, 0, NULL, '2020-02-10 14:08:40', 55),
(694, 16, 0, 0, 0, 0, 0, 0, 0, 0, 0, 1, NULL, '2020-02-10 14:09:31', 55),
(695, 17, 0, 0, 0, 0, 0, 0, 0, 0, 0, 1, NULL, '2020-02-10 14:10:29', 55),
(696, 18, 0, 0, 0, 0, 0, 0, 0, 0, 1, 0, NULL, '2020-02-10 14:11:22', 55),
(697, -1, 1, 1, 0, 0, 1, 0, 0, 0, 0, 0, NULL, '2020-02-10 14:36:39', 56),
(698, -2, 0, 0, 0, 0, 0, 0, 0, 0, 0, 0, 'R,R,L', '2020-02-10 14:37:51', 56),
(699, -3, 0, 0, 0, 0, 0, 0, 0, 0, 0, 1, NULL, '2020-02-10 14:38:47', 56),
(700, 1, 1, 0, 0, 1, 0, 0, 0, 0, 0, 0, NULL, '2020-02-10 14:39:43', 56),
(701, 2, 0, 0, 1, 0, 1, 1, 0, 0, 0, 0, NULL, '2020-02-10 14:40:45', 56),
(702, 3, 0, 1, 1, 1, 0, 0, 0, 0, 0, 0, NULL, '2020-02-10 14:41:38', 56),
(703, 4, 0, 0, 1, 1, 0, 1, 0, 0, 0, 0, NULL, '2020-02-10 14:42:32', 56),
(704, 5, 1, 0, 0, 1, 1, 0, 0, 0, 0, 0, NULL, '2020-02-10 14:43:51', 56),
(705, 6, 1, 1, 1, 0, 0, 0, 0, 0, 0, 0, NULL, '2020-02-10 14:44:50', 56),
(706, 7, 0, 0, 0, 0, 0, 0, 0, 0, 0, 0, 'R,L,L,R,L,R', '2020-02-10 14:50:30', 56),
(707, 8, 0, 0, 0, 0, 0, 0, 0, 0, 0, 0, 'L,R,L', '2020-02-10 14:51:23', 56),
(708, 9, 0, 0, 0, 0, 0, 0, 0, 0, 0, 0, 'L,R,L', '2020-02-10 14:52:05', 56),
(709, 10, 0, 0, 0, 0, 0, 0, 0, 0, 0, 0, 'L,R,L', '2020-02-10 14:52:51', 56),
(710, 11, 0, 0, 0, 0, 0, 0, 0, 0, 0, 0, 'L,R,L,R,L,R', '2020-02-10 14:53:33', 56),
(711, 12, 0, 0, 0, 0, 0, 0, 0, 0, 0, 0, 'L,R,R,L', '2020-02-10 14:54:17', 56),
(712, 13, 0, 0, 0, 0, 0, 0, 1, 0, 0, 0, NULL, '2020-02-10 14:55:14', 56),
(713, 14, 0, 0, 0, 0, 0, 0, 1, 0, 0, 0, NULL, '2020-02-10 14:56:04', 56),
(714, 15, 0, 0, 0, 0, 0, 0, 1, 0, 0, 0, NULL, '2020-02-10 14:57:00', 56),
(715, 16, 0, 0, 0, 0, 0, 0, 0, 0, 0, 1, NULL, '2020-02-10 14:57:50', 56),
(716, 17, 0, 0, 0, 0, 0, 0, 0, 0, 0, 1, NULL, '2020-02-10 14:58:41', 56),
(717, 18, 0, 0, 0, 0, 0, 0, 0, 0, 1, 0, NULL, '2020-02-10 14:59:31', 56),
(722, -1, 0, 1, 0, 1, 1, 0, 0, 0, 0, 0, NULL, '2020-02-10 17:06:58', 59),
(723, -2, 0, 0, 0, 0, 0, 0, 0, 0, 0, 0, 'R,R,L', '2020-02-10 17:08:39', 59),
(724, -3, 0, 0, 0, 0, 0, 0, 0, 0, 0, 1, NULL, '2020-02-10 17:09:53', 59),
(725, 1, 0, 1, 1, 1, 0, 0, 0, 0, 0, 0, NULL, '2020-02-10 17:11:03', 59),
(726, 2, 0, 1, 0, 0, 1, 1, 0, 0, 0, 0, NULL, '2020-02-10 17:12:06', 59),
(727, 3, 0, 1, 1, 0, 0, 1, 0, 0, 0, 0, NULL, '2020-02-10 17:13:03', 59),
(728, 4, 1, 0, 0, 1, 0, 1, 0, 0, 0, 0, NULL, '2020-02-10 17:14:04', 59),
(729, 5, 1, 0, 0, 1, 1, 0, 0, 0, 0, 0, NULL, '2020-02-10 17:15:08', 59),
(730, 6, 1, 0, 0, 1, 1, 0, 0, 0, 0, 0, NULL, '2020-02-10 17:16:06', 59),
(731, 7, 0, 0, 0, 0, 0, 0, 0, 0, 0, 0, 'R,L,L,R,L,R', '2020-02-10 17:17:20', 59),
(732, 8, 0, 0, 0, 0, 0, 0, 0, 0, 0, 0, 'R,L,L,R,R,L', '2020-02-10 17:18:13', 59),
(733, 9, 0, 0, 0, 0, 0, 0, 0, 0, 0, 0, 'L,R,R,R,L,L', '2020-02-10 17:19:15', 59),
(734, 10, 0, 0, 0, 0, 0, 0, 0, 0, 0, 0, 'R,L,R,L,L,R', '2020-02-10 17:20:06', 59),
(735, 11, 0, 0, 0, 0, 0, 0, 0, 0, 0, 0, 'L,R,L,R,R,L,R', '2020-02-10 17:21:00', 59),
(736, 12, 0, 0, 0, 0, 0, 0, 0, 0, 0, 0, 'L,L,R,L,R,L', '2020-02-10 17:21:54', 59),
(737, 13, 0, 0, 0, 0, 0, 0, 1, 0, 0, 0, NULL, '2020-02-10 17:23:00', 59),
(738, 14, 0, 0, 0, 0, 0, 0, 1, 0, 0, 0, NULL, '2020-02-10 17:23:48', 59),
(739, 15, 0, 0, 0, 0, 0, 0, 0, 0, 1, 0, NULL, '2020-02-10 17:24:40', 59),
(740, 16, 0, 0, 0, 0, 0, 0, 0, 0, 0, 1, NULL, '2020-02-10 17:25:49', 59),
(741, 17, 0, 0, 0, 0, 0, 0, 0, 0, 0, 1, NULL, '2020-02-10 17:26:45', 59),
(742, 18, 0, 0, 0, 0, 0, 0, 0, 0, 1, 0, NULL, '2020-02-10 17:27:43', 59),
(751, -1, 1, 1, 0, 1, 0, 0, 0, 0, 0, 0, NULL, '2020-02-14 08:34:49', 64),
(752, -1, 1, 1, 0, 1, 0, 0, 0, 0, 0, 0, NULL, '2020-02-14 08:34:57', 65),
(753, -1, 1, 1, 0, 0, 1, 0, 0, 0, 0, 0, NULL, '2020-02-14 08:36:17', 64),
(754, -1, 1, 1, 0, 0, 1, 0, 0, 0, 0, 0, NULL, '2020-02-14 08:36:18', 65),
(755, -2, 0, 0, 0, 0, 0, 0, 0, 0, 0, 0, 'R,L,R', '2020-02-14 08:37:20', 64),
(756, -2, 0, 0, 0, 0, 0, 0, 0, 0, 0, 0, 'R,R,L', '2020-02-14 08:37:54', 65),
(757, -2, 0, 0, 0, 0, 0, 0, 0, 0, 0, 0, 'L,R,R,L', '2020-02-14 08:38:14', 64),
(758, -3, 0, 0, 0, 0, 0, 0, 0, 0, 0, 1, NULL, '2020-02-14 08:39:10', 65),
(759, -3, 0, 0, 0, 0, 0, 0, 0, 0, 0, 1, NULL, '2020-02-14 08:39:49', 64),
(760, 1, 1, 1, 0, 1, 0, 0, 0, 0, 0, 0, NULL, '2020-02-14 08:40:27', 65),
(761, 1, 1, 1, 0, 1, 0, 0, 0, 0, 0, 0, NULL, '2020-02-14 08:40:49', 64),
(762, 2, 0, 1, 1, 0, 0, 1, 0, 0, 0, 0, NULL, '2020-02-14 08:41:34', 65),
(763, 2, 0, 1, 1, 0, 0, 1, 0, 0, 0, 0, NULL, '2020-02-14 08:41:52', 64),
(764, -1, 1, 1, 0, 1, 0, 0, 0, 0, 0, 0, NULL, '2020-02-14 08:41:57', 66),
(765, 3, 1, 0, 1, 0, 0, 1, 0, 0, 0, 0, NULL, '2020-02-14 08:42:34', 65),
(766, -1, 1, 0, 0, 1, 1, 0, 0, 0, 0, 0, NULL, '2020-02-14 08:42:48', 66),
(767, 3, 0, 1, 1, 1, 0, 0, 0, 0, 0, 0, NULL, '2020-02-14 08:42:57', 64),
(768, 4, 1, 0, 0, 1, 1, 0, 0, 0, 0, 0, NULL, '2020-02-14 08:43:31', 65),
(769, -1, 1, 1, 0, 0, 1, 0, 0, 0, 0, 0, NULL, '2020-02-14 08:43:39', 66),
(770, 4, 0, 0, 0, 1, 1, 1, 0, 0, 0, 0, NULL, '2020-02-14 08:44:17', 64),
(771, 5, 1, 0, 0, 1, 1, 0, 0, 0, 0, 0, NULL, '2020-02-14 08:44:30', 65),
(772, -2, 0, 0, 0, 0, 0, 0, 0, 0, 0, 0, 'R,L,R', '2020-02-14 08:45:08', 66),
(773, 5, 1, 0, 0, 1, 1, 0, 0, 0, 0, 0, NULL, '2020-02-14 08:45:14', 64),
(774, 6, 1, 0, 1, 1, 0, 0, 0, 0, 0, 0, NULL, '2020-02-14 08:45:21', 65),
(775, -2, 0, 0, 0, 0, 0, 0, 0, 0, 0, 0, 'R,R,L', '2020-02-14 08:45:58', 66),
(776, 6, 1, 0, 1, 1, 0, 0, 0, 0, 0, 0, NULL, '2020-02-14 08:46:12', 64),
(777, -3, 0, 0, 0, 0, 0, 0, 0, 0, 0, 1, NULL, '2020-02-14 08:47:04', 66),
(778, 7, 0, 0, 0, 0, 0, 0, 0, 0, 0, 0, 'R,L,L,R,L,R', '2020-02-14 08:47:24', 65),
(779, 7, 0, 0, 0, 0, 0, 0, 0, 0, 0, 0, 'R,L,R,L,R', '2020-02-14 08:47:30', 64),
(780, 1, 0, 1, 0, 1, 1, 0, 0, 0, 0, 0, NULL, '2020-02-14 08:48:08', 66),
(781, 8, 0, 0, 0, 0, 0, 0, 0, 0, 0, 0, 'L,R,L', '2020-02-14 08:48:14', 65),
(782, 8, 0, 0, 0, 0, 0, 0, 0, 0, 0, 0, 'L,R,L', '2020-02-14 08:48:18', 64),
(783, 9, 0, 0, 0, 0, 0, 0, 0, 0, 0, 0, 'L,R,L', '2020-02-14 08:49:01', 65),
(784, 9, 0, 0, 0, 0, 0, 0, 0, 0, 0, 0, 'L,R,L', '2020-02-14 08:49:01', 64),
(785, 2, 0, 1, 1, 0, 0, 0, 0, 0, 0, 0, NULL, '2020-02-14 08:49:03', 66),
(786, 10, 0, 0, 0, 0, 0, 0, 0, 0, 0, 0, 'L,R,L,R', '2020-02-14 08:49:53', 65),
(787, 10, 0, 0, 0, 0, 0, 0, 0, 0, 0, 0, 'L,R,L,R', '2020-02-14 08:49:53', 64),
(788, 3, 0, 1, 1, 0, 0, 1, 0, 0, 0, 0, NULL, '2020-02-14 08:50:07', 66),
(789, 11, 0, 0, 0, 0, 0, 0, 0, 0, 0, 0, 'L,R,L,R,L,R', '2020-02-14 08:50:36', 64),
(790, 11, 0, 0, 0, 0, 0, 0, 0, 0, 0, 0, 'L,R,R,L,R', '2020-02-14 08:50:45', 65),
(791, 4, 0, 0, 0, 0, 1, 0, 0, 0, 0, 0, NULL, '2020-02-14 08:50:55', 66),
(792, 12, 0, 0, 0, 0, 0, 0, 0, 0, 0, 0, 'L,L,R,L,R,R,L', '2020-02-14 08:51:31', 64),
(793, 5, 0, 0, 0, 1, 1, 0, 0, 0, 0, 0, NULL, '2020-02-14 08:51:47', 66),
(794, 12, 0, 0, 0, 0, 0, 0, 0, 0, 0, 0, 'L,R,L,R,R,L', '2020-02-14 08:52:24', 65),
(795, 6, 1, 0, 1, 0, 0, 0, 0, 0, 0, 0, NULL, '2020-02-14 08:52:44', 66),
(796, 13, 0, 0, 0, 0, 0, 0, 1, 0, 0, 0, NULL, '2020-02-14 08:53:00', 64),
(797, 7, 0, 0, 0, 0, 0, 0, 0, 0, 0, 0, 'R,L,L,R,L', '2020-02-14 08:53:49', 66),
(798, 14, 0, 0, 0, 0, 0, 0, 1, 0, 0, 0, NULL, '2020-02-14 08:53:55', 64),
(799, 13, 0, 0, 0, 0, 0, 0, 0, 0, 1, 0, NULL, '2020-02-14 08:54:29', 65),
(800, 8, 0, 0, 0, 0, 0, 0, 0, 0, 0, 0, 'L,R,L', '2020-02-14 08:54:41', 66),
(801, 15, 0, 0, 0, 0, 0, 0, 0, 0, 1, 0, NULL, '2020-02-14 08:54:46', 64),
(802, 9, 0, 0, 0, 0, 0, 0, 0, 0, 0, 0, 'L,R,L', '2020-02-14 08:55:27', 66),
(803, 14, 0, 0, 0, 0, 0, 0, 1, 0, 0, 0, NULL, '2020-02-14 08:55:28', 65),
(804, 16, 0, 0, 0, 0, 0, 0, 0, 0, 1, 0, NULL, '2020-02-14 08:55:54', 64),
(805, 10, 0, 0, 0, 0, 0, 0, 0, 0, 0, 0, 'L,R,L,R', '2020-02-14 08:56:15', 66),
(806, 15, 0, 0, 0, 0, 0, 0, 0, 0, 1, 0, NULL, '2020-02-14 08:56:23', 65),
(807, 16, 0, 0, 0, 0, 0, 0, 0, 0, 0, 1, NULL, '2020-02-14 08:57:15', 65),
(808, 17, 0, 0, 0, 0, 0, 0, 1, 0, 0, 0, NULL, '2020-02-14 08:57:23', 64),
(809, 11, 0, 0, 0, 0, 0, 0, 0, 0, 0, 0, 'L,R,L,R', '2020-02-14 08:57:36', 66),
(810, 12, 0, 0, 0, 0, 0, 0, 0, 0, 0, 0, 'L,R,L,R,R,L', '2020-02-14 08:58:24', 66),
(811, 18, 0, 0, 0, 0, 0, 0, 0, 0, 1, 0, NULL, '2020-02-14 08:58:26', 64),
(812, 17, 0, 0, 0, 0, 0, 0, 0, 1, 0, 0, NULL, '2020-02-14 08:58:34', 65),
(813, 13, 0, 0, 0, 0, 0, 0, 1, 0, 0, 0, NULL, '2020-02-14 09:00:11', 66),
(814, 18, 0, 0, 0, 0, 0, 0, 0, 0, 1, 0, NULL, '2020-02-14 09:00:30', 65),
(815, 14, 0, 0, 0, 0, 0, 0, 0, 0, 1, 0, NULL, '2020-02-14 09:01:08', 66),
(816, 15, 0, 0, 0, 0, 0, 0, 0, 0, 0, 1, NULL, '2020-02-14 09:02:02', 66),
(817, 16, 0, 0, 0, 0, 0, 0, 0, 0, 0, 1, NULL, '2020-02-14 09:03:02', 66),
(818, 17, 0, 0, 0, 0, 0, 0, 1, 0, 0, 0, NULL, '2020-02-14 09:04:01', 66),
(819, 18, 0, 0, 0, 0, 0, 0, 0, 0, 1, 0, NULL, '2020-02-14 09:06:21', 66),
(820, -1, 1, 1, 0, 0, 1, 0, 0, 0, 0, 0, NULL, '2020-02-14 19:14:56', 68),
(821, -2, 0, 0, 0, 0, 0, 0, 0, 0, 0, 0, 'R,R,L', '2020-02-14 19:17:23', 68),
(822, -3, 0, 0, 0, 0, 0, 0, 0, 0, 0, 1, NULL, '2020-02-14 19:18:39', 68),
(823, 1, 1, 1, 0, 1, 0, 0, 0, 0, 0, 0, NULL, '2020-02-14 19:19:40', 68),
(824, 2, 0, 1, 1, 0, 0, 1, 0, 0, 0, 0, NULL, '2020-02-14 19:20:44', 68),
(825, 3, 0, 1, 1, 0, 1, 0, 0, 0, 0, 0, NULL, '2020-02-14 19:22:04', 68),
(826, 4, 0, 1, 0, 1, 0, 1, 0, 0, 0, 0, NULL, '2020-02-14 19:23:06', 68),
(827, 5, 0, 0, 0, 1, 1, 1, 0, 0, 0, 0, NULL, '2020-02-14 19:23:58', 68),
(828, 6, 1, 0, 1, 0, 0, 1, 0, 0, 0, 0, NULL, '2020-02-14 19:24:55', 68),
(829, 7, 0, 0, 0, 0, 0, 0, 0, 0, 0, 0, 'R,L,L,R,L,R', '2020-02-14 19:26:01', 68),
(830, 8, 0, 0, 0, 0, 0, 0, 0, 0, 0, 0, 'L,R,L', '2020-02-14 19:26:45', 68),
(831, 9, 0, 0, 0, 0, 0, 0, 0, 0, 0, 0, 'R,L', '2020-02-14 19:27:25', 68),
(832, 10, 0, 0, 0, 0, 0, 0, 0, 0, 0, 0, 'L,R,L,R', '2020-02-14 19:28:14', 68),
(833, 11, 0, 0, 0, 0, 0, 0, 0, 0, 0, 0, 'L,R,L,R,L,R', '2020-02-14 19:28:56', 68),
(834, 12, 0, 0, 0, 0, 0, 0, 0, 0, 0, 0, 'L,L,R,L,R,R,L', '2020-02-14 19:29:49', 68),
(835, 13, 0, 0, 0, 0, 0, 0, 1, 0, 0, 0, NULL, '2020-02-14 19:30:45', 68),
(836, 14, 0, 0, 0, 0, 0, 0, 1, 0, 0, 0, NULL, '2020-02-14 19:31:35', 68),
(837, 15, 0, 0, 0, 0, 0, 0, 0, 0, 1, 0, NULL, '2020-02-14 19:32:28', 68),
(838, 16, 0, 0, 0, 0, 0, 0, 0, 0, 0, 1, NULL, '2020-02-14 19:33:20', 68),
(839, 17, 0, 0, 0, 0, 0, 0, 0, 0, 0, 1, NULL, '2020-02-14 19:34:10', 68),
(840, 18, 0, 0, 0, 0, 0, 0, 0, 0, 1, 0, NULL, '2020-02-14 19:35:03', 68);

--
-- Indizes der exportierten Tabellen
--

--
-- Indizes für die Tabelle `answers`
--
ALTER TABLE `answers`
  ADD PRIMARY KEY (`ID`);

--
-- Indizes für die Tabelle `correctanswers`
--
ALTER TABLE `correctanswers`
  ADD PRIMARY KEY (`ID`);

--
-- Indizes für die Tabelle `person`
--
ALTER TABLE `person`
  ADD PRIMARY KEY (`personid`);

--
-- Indizes für die Tabelle `task1value`
--
ALTER TABLE `task1value`
  ADD PRIMARY KEY (`ID`);

--
-- Indizes für die Tabelle `task3value`
--
ALTER TABLE `task3value`
  ADD PRIMARY KEY (`ID`);

--
-- Indizes für die Tabelle `tasks`
--
ALTER TABLE `tasks`
  ADD PRIMARY KEY (`ID`);

--
-- AUTO_INCREMENT für exportierte Tabellen
--

--
-- AUTO_INCREMENT für Tabelle `answers`
--
ALTER TABLE `answers`
  MODIFY `ID` int(11) NOT NULL AUTO_INCREMENT, AUTO_INCREMENT=28;

--
-- AUTO_INCREMENT für Tabelle `correctanswers`
--
ALTER TABLE `correctanswers`
  MODIFY `ID` int(11) NOT NULL AUTO_INCREMENT, AUTO_INCREMENT=355;

--
-- AUTO_INCREMENT für Tabelle `person`
--
ALTER TABLE `person`
  MODIFY `personid` int(11) NOT NULL AUTO_INCREMENT, AUTO_INCREMENT=69;

--
-- AUTO_INCREMENT für Tabelle `task1value`
--
ALTER TABLE `task1value`
  MODIFY `ID` int(11) NOT NULL AUTO_INCREMENT, AUTO_INCREMENT=14;

--
-- AUTO_INCREMENT für Tabelle `task3value`
--
ALTER TABLE `task3value`
  MODIFY `ID` int(11) NOT NULL AUTO_INCREMENT, AUTO_INCREMENT=53;

--
-- AUTO_INCREMENT für Tabelle `tasks`
--
ALTER TABLE `tasks`
  MODIFY `ID` int(11) NOT NULL AUTO_INCREMENT, AUTO_INCREMENT=841;
COMMIT;

/*!40101 SET CHARACTER_SET_CLIENT=@OLD_CHARACTER_SET_CLIENT */;
/*!40101 SET CHARACTER_SET_RESULTS=@OLD_CHARACTER_SET_RESULTS */;
/*!40101 SET COLLATION_CONNECTION=@OLD_COLLATION_CONNECTION */;
